alpha,phi,d_units_net,d_units_affordable,d_units_market,d_rent_pct
0.0,0.0,0.0,0.0,0.0,0.0
0.0,0.0333,4208.3,2.3,4206.0,0.0913
0.0,0.0667,8360.8,4.4,8356.4,0.182
0.0,0.1,12455.1,6.5,12448.6,0.2743
0.0,0.1333,16438.2,8.8,16429.5,0.3652
0.0,0.1667,20356.9,11.3,20345.6,0.4557
0.0,0.2,24200.6,14.2,24186.4,0.546
0.0,0.2333,27944.9,17.5,27927.4,0.6345
0.0,0.2667,31621.3,21.3,31600.0,0.7227
0.0,0.3,35236.7,25.5,35211.2,0.8109
0.0,0.3333,38753.2,30.2,38723.0,0.8979
0.0,0.3667,42178.8,35.3,42143.6,0.9837
0.0,0.4,45516.8,40.8,45476.0,1.0679
0.0,0.4333,48780.0,46.8,48733.2,1.1522
0.0,0.4667,51948.5,53.7,51894.8,1.2339
0.0,0.5,55008.2,61.0,54947.2,1.3127
0.0,0.5333,57956.3,68.6,57887.7,1.3888
0.0,0.5667,60815.8,76.5,60739.3,1.4626
0.0,0.6,63583.5,84.5,63499.0,1.5341
0.0,0.6333,66129.0,92.5,66036.4,1.5986
0.0,0.6667,68674.5,100.6,68573.9,1.6631
0.0,0.7,71220.0,108.7,71111.3,1.7277
0.0,0.7333,73484.5,116.4,73368.1,1.7849
0.0,0.7667,75749.0,124.1,75624.9,1.8421
0.0,0.8,78013.6,131.8,77881.8,1.8993
0.0,0.8333,79990.3,138.9,79851.4,1.9486
0.0,0.8667,81967.1,145.9,81821.1,1.9979
0.0,0.9,83943.8,153.0,83790.8,2.0472
0.0,0.9333,85664.8,159.4,85505.5,2.0913
0.0,0.9667,87385.9,165.7,87220.1,2.1353
0.0,1.0,89106.9,172.1,88934.8,2.1794
0.025,0.0,-1141.7,4102.3,-5244.1,-0.0716
0.025,0.0333,3019.2,4252.9,-1233.7,0.0177
0.025,0.0667,7116.6,4405.9,2710.7,0.1052
0.025,0.1,11151.6,4561.6,6590.0,0.1941
0.025,0.1333,15081.5,4712.6,10368.8,0.2818
0.025,0.1667,18950.9,4855.0,14095.8,0.3694
0.025,0.2,22746.9,4989.1,17757.8,0.4568
0.025,0.2333,26457.0,5130.5,21326.5,0.5438
0.025,0.2667,30075.4,5262.7,24812.6,0.6279
0.025,0.3,33647.9,5388.0,28259.9,0.7134
0.025,0.3333,37120.4,5519.4,31601.0,0.7978
0.025,0.3667,40509.3,5633.2,34876.1,0.8813
0.025,0.4,43807.1,5757.3,38049.8,0.9631
0.025,0.4333,47011.2,5877.2,41134.0,1.0431
0.025,0.4667,50164.8,5990.9,44173.9,1.1245
0.025,0.5,53193.5,6095.8,47097.7,1.2014
0.025,0.5333,56111.9,6204.0,49907.9,1.2757
0.025,0.5667,58943.8,6304.4,52639.4,1.3478
0.025,0.6,61686.9,6397.4,55289.4,1.4178
0.025,0.6333,64220.0,6425.8,57794.3,1.4819
0.025,0.6667,66741.0,6501.4,60239.6,1.5453
0.025,0.7,69261.9,6577.0,62684.9,1.6087
0.025,0.7333,71526.4,6584.7,64941.7,1.6659
0.025,0.7667,73775.9,6659.6,67116.3,1.7222
0.025,0.8,76010.4,6801.6,69208.8,1.7776
0.025,0.8333,77987.1,6808.6,71178.5,1.8269
0.025,0.8667,79953.9,6871.7,73082.3,1.8755
0.025,0.9,81910.8,6990.7,74920.1,1.9235
0.025,0.9333,83614.4,7090.2,76524.2,1.9662
0.025,0.9667,85326.7,7143.1,78183.6,2.0096
0.025,1.0,87047.7,7149.5,79898.2,2.0537
0.05,0.0,-2280.8,8098.2,-10379.0,-0.1418
0.05,0.0333,1824.1,8404.8,-6580.7,-0.0551
0.05,0.0667,5869.8,8704.3,-2834.4,0.0296
0.05,0.1,9836.4,8996.3,840.1,0.1138
0.05,0.1333,13730.4,9282.0,4448.4,0.2003
0.05,0.1667,17550.1,9560.6,7989.6,0.2849
0.05,0.2,21295.1,9832.9,11462.2,0.3693
0.05,0.2333,24960.1,10098.3,14861.8,0.4536
0.05,0.2667,28535.1,10355.9,18179.2,0.5351
0.05,0.3,32060.6,10608.9,21451.6,0.6178
0.05,0.3333,35492.3,10854.2,24638.0,0.6998
0.05,0.3667,38837.6,11092.4,27745.1,0.7806
0.05,0.4,42098.3,11323.4,30774.9,0.8602
0.05,0.4333,45267.9,11546.2,33721.8,0.9381
0.05,0.4667,48362.5,11762.9,36599.7,1.0152
0.05,0.5,51378.3,11973.1,39405.2,1.092
0.05,0.5333,54269.5,12172.6,42096.9,1.1646
0.05,0.5667,57073.2,12364.4,44708.9,1.235
0.05,0.6,59789.6,12548.4,47241.3,1.3033
0.05,0.6333,62294.4,12714.0,49580.3,1.3655
0.05,0.6667,64799.1,12879.7,51919.4,1.4276
0.05,0.7,67303.8,13045.4,54258.5,1.4898
0.05,0.7333,69538.3,13187.4,56350.9,1.5451
0.05,0.7667,71772.7,13329.3,58443.4,1.6005
0.05,0.8,74007.2,13471.3,60535.9,1.6559
0.05,0.8333,75964.0,13590.3,62373.7,1.7038
0.05,0.8667,77920.9,13709.3,64211.6,1.7518
0.05,0.9,79877.8,13828.3,66049.5,1.7997
0.05,0.9333,81581.4,13927.8,67653.5,1.8425
0.05,0.9667,83284.9,14027.3,69257.6,1.8853
0.05,1.0,84988.5,14126.8,70861.7,1.928
0.075,0.0,-3402.8,11982.0,-15384.8,-0.2085
0.075,0.0333,641.4,12430.3,-11788.9,-0.1257
0.075,0.0667,4629.6,12868.4,-8238.8,-0.0442
0.075,0.1,8539.6,13304.3,-4764.7,0.0371
0.075,0.1333,12377.2,13730.1,-1352.9,0.1203
0.075,0.1667,16147.7,14140.3,2007.3,0.2021
0.075,0.2,19845.1,14536.1,5309.1,0.2837
0.075,0.2333,23461.5,14931.6,8529.9,0.365
0.075,0.2667,27009.7,15302.8,11706.9,0.4455
0.075,0.3,30475.4,15678.0,14797.4,0.5242
0.075,0.3333,33866.2,16034.1,17832.1,0.6037
0.075,0.3667,37170.1,16384.2,20785.9,0.6821
0.075,0.4,40390.9,16727.8,23663.0,0.7593
0.075,0.4333,43523.0,17059.3,26463.7,0.8349
0.075,0.4667,46581.4,17377.0,29204.3,0.9099
0.075,0.5,49563.3,17681.1,31882.2,0.9846
0.075,0.5333,52424.8,17977.5,34447.3,1.0554
0.075,0.5667,55200.4,18258.5,36941.9,1.1241
0.075,0.6,57892.1,18524.8,39367.3,1.1909
0.075,0.6333,60387.7,18710.5,41677.3,1.253
0.075,0.6667,62874.3,18942.9,43931.4,1.3146
0.075,0.7,65360.9,19175.3,46185.6,1.3762
0.075,0.7333,67550.2,19447.4,48102.8,1.4285
0.075,0.7667,69762.1,19654.5,50107.6,1.4824
0.075,0.8,71996.6,19796.5,52200.1,1.5378
0.075,0.8333,73931.3,20026.9,53904.4,1.5843
0.075,0.8667,75877.1,20201.6,55675.5,1.6315
0.075,0.9,77834.0,20320.6,57513.4,1.6795
0.075,0.9333,79537.5,20420.1,59117.5,1.7223
0.075,0.9667,81222.3,20564.6,60657.7,1.7636
0.075,1.0,82888.1,20754.1,62134.0,1.8037
0.1,0.0,-4532.1,15761.6,-20293.7,-0.2752
0.1,0.0333,-552.5,16352.0,-16904.5,-0.1961
0.1,0.0667,3386.9,16931.3,-13544.5,-0.1167
0.1,0.1,7244.8,17495.9,-10251.1,-0.0381
0.1,0.1333,11025.7,18046.5,-7020.8,0.0416
0.1,0.1667,14751.2,18585.5,-3834.4,0.1211
0.1,0.2,18397.4,19111.1,-713.7,0.1998
0.1,0.2333,21968.3,19623.3,2345.0,0.2784
0.1,0.2667,25468.3,20122.7,5345.7,0.3561
0.1,0.3,28892.4,20608.5,8283.9,0.4324
0.1,0.3333,32238.5,21081.0,11157.4,0.5093
0.1,0.3667,35501.5,21539.7,13961.7,0.5853
0.1,0.4,38685.0,21984.7,16700.3,0.6603
0.1,0.4333,41782.1,22414.0,19368.1,0.7338
0.1,0.4667,44793.9,22829.0,21964.9,0.8058
0.1,0.5,47749.3,23234.2,24515.1,0.8792
0.1,0.5333,50582.4,23618.2,26964.1,0.9482
0.1,0.5667,53330.0,23987.2,29342.8,1.0153
0.1,0.6,55994.1,24341.3,31652.8,1.0804
0.1,0.6333,58468.7,24662.6,33806.2,1.1411
0.1,0.6667,60943.4,24983.9,35959.5,1.2019
0.1,0.7,63418.0,25305.2,38112.8,1.2626
0.1,0.7333,65607.3,25577.3,40030.0,1.315
0.1,0.7667,67796.6,25849.5,41947.2,1.3673
0.1,0.8,69986.0,26121.6,43864.3,1.4197
0.1,0.8333,71920.7,26352.0,45568.7,1.4662
0.1,0.8667,73855.4,26582.4,47273.0,1.5127
0.1,0.9,75790.1,26812.8,48977.3,1.5592
0.1,0.9333,77456.0,27002.3,50453.7,1.5993
0.1,0.9667,79121.8,27191.8,51930.0,1.6393
0.1,1.0,80787.7,27381.3,53406.3,1.6793
0.125,0.0,-5658.4,19430.8,-25089.3,-0.3404
0.125,0.0333,-1739.5,20161.4,-21900.9,-0.2644
0.125,0.0667,2156.0,20864.7,-18708.7,-0.1869
0.125,0.1,5952.7,21563.2,-15610.5,-0.1116
0.125,0.1333,9678.3,22244.9,-12566.7,-0.035
0.125,0.1667,13352.8,22907.5,-9554.7,0.0416
0.125,0.2,16952.4,23549.0,-6596.6,0.1177
0.125,0.2333,20477.7,24174.1,-3696.4,0.1937
0.125,0.2667,23935.4,24798.5,-863.1,0.2692
0.125,0.3,27311.6,25390.4,1921.2,0.3425
0.125,0.3333,30612.9,25975.8,4637.2,0.4168
0.125,0.3667,33838.4,26531.7,7306.7,0.4907
0.125,0.4,36981.3,27083.2,9898.1,0.5633
0.125,0.4333,40042.6,27607.7,12434.8,0.6347
0.125,0.4667,43015.6,28126.1,14889.5,0.7045
0.125,0.5,45904.7,28614.7,17290.0,0.773
0.125,0.5333,48740.5,29090.6,19649.9,0.8431
0.125,0.5667,51460.2,29545.7,21914.5,0.9084
0.125,0.6,54096.0,29985.6,24110.4,0.9719
0.125,0.6333,56556.4,30325.4,26231.0,1.0321
0.125,0.6667,59002.4,30710.1,28292.3,1.0915
0.125,0.7,61448.5,31094.7,30353.7,1.1509
0.125,0.7333,63637.8,31366.9,32270.9,1.2033
0.125,0.7667,65811.4,31703.5,34107.8,1.2547
0.125,0.8,67969.3,32104.7,35864.5,1.3053
0.125,0.8333,69904.0,32335.1,37568.9,1.3518
0.125,0.8667,71826.9,32620.7,39206.3,1.3976
0.125,0.9,73738.1,32961.4,40776.7,1.4426
0.125,0.9333,75388.9,33242.8,42146.2,1.4816
0.125,0.9667,77047.3,33478.2,43569.1,1.5211
0.125,1.0,78713.1,33667.7,45045.4,1.5611
0.15,0.0,-6781.5,22999.6,-29781.1,-0.4043
0.15,0.0333,-2920.4,23854.9,-26775.2,-0.3314
0.15,0.0667,914.8,24697.4,-23782.6,-0.2569
0.15,0.1,4663.1,25517.1,-20854.0,-0.1837
0.15,0.1333,8329.3,26314.1,-17984.7,-0.1109
0.15,0.1667,11961.0,27098.5,-15137.5,-0.036
0.15,0.2,15510.0,27861.7,-12351.7,0.0373
0.15,0.2333,18985.7,28605.2,-9619.5,0.1105
0.15,0.2667,22401.3,29332.0,-6930.7,0.1835
0.15,0.3,25753.6,30041.6,-4287.9,0.2565
0.15,0.3333,28992.3,30723.2,-1730.8,0.3264
0.15,0.3667,32174.0,31390.0,784.0,0.3977
0.15,0.4,35279.7,32037.1,3242.6,0.4681
0.15,0.4333,38301.9,32661.9,5640.0,0.5374
0.15,0.4667,41242.1,33266.1,7976.0,0.6052
0.15,0.5,44096.6,33848.7,10247.9,0.6717
0.15,0.5333,46886.1,34413.1,12473.0,0.7387
0.15,0.5667,49588.8,34954.8,14634.0,0.8034
0.15,0.6,52198.3,35472.4,16726.0,0.8653
0.15,0.6333,54625.2,35943.0,18682.2,0.9233
0.15,0.6667,57052.1,36413.6,20638.4,0.9813
0.15,0.7,59478.9,36884.2,22594.7,1.0392
0.15,0.7333,61636.8,37285.4,24351.4,1.0898
0.15,0.7667,63794.7,37686.6,26108.0,1.1403
0.15,0.8,65952.5,38087.8,27864.7,1.1909
0.15,0.8333,67863.7,38428.5,29435.2,1.2359
0.15,0.8667,69774.9,38769.2,31005.6,1.2809
0.15,0.9,71686.0,39109.9,32576.1,1.3259
0.15,0.9333,73336.9,39391.3,33945.5,1.3649
0.15,0.9667,74987.7,39672.7,35315.0,1.4039
0.15,1.0,76638.6,39954.1,36684.4,1.4428
0.175,0.0,-7900.7,26461.2,-34361.8,-0.4667
0.175,0.0333,-4093.0,27448.7,-31541.6,-0.3958
0.175,0.0667,-314.4,28409.3,-28723.8,-0.325
0.175,0.1,3376.9,29349.7,-25972.8,-0.2542
0.175,0.1333,6990.4,30269.5,-23279.1,-0.184
0.175,0.1667,10572.3,31160.1,-20587.7,-0.1119
0.175,0.2,14070.4,32040.5,-17970.2,-0.0413
0.175,0.2333,17496.6,32898.2,-15401.7,0.0291
0.175,0.2667,20866.2,33732.4,-12866.2,0.0996
0.175,0.3,24175.2,34542.8,-10367.7,0.1701
0.175,0.3333,27374.1,35322.1,-7948.0,0.2379
0.175,0.3667,30514.8,36088.3,-5573.5,0.3069
0.175,0.4,33580.1,36835.9,-3255.8,0.375
0.175,0.4333,36563.0,37557.9,-994.9,0.442
0.175,0.4667,39467.6,38252.6,1215.0,0.5079
0.175,0.5,42289.5,38919.5,3370.0,0.5725
0.175,0.5333,45027.8,39567.8,5460.1,0.636
0.175,0.5667,47717.8,40195.9,7521.8,0.7004
0.175,0.6,50301.0,40789.5,9511.5,0.7608
0.175,0.6333,52713.4,41277.4,11436.0,0.8182
0.175,0.6667,55111.0,41808.4,13302.6,0.8748
0.175,0.7,57508.7,42339.5,15169.2,0.9315
0.175,0.7333,59647.2,42870.9,16776.3,0.9812
0.175,0.7667,61795.4,43337.2,18458.2,1.0314
0.175,0.8,63953.2,43738.4,20214.9,1.0819
0.175,0.8333,65823.8,44183.3,21640.5,1.1242
0.175,0.8667,67714.7,44576.1,23138.5,1.1679
0.175,0.9,69625.8,44916.8,24709.0,1.2129
0.175,0.9333,71259.5,45289.7,25969.8,1.2507
0.175,0.9667,72901.7,45616.8,27284.9,1.2891
0.175,1.0,74552.6,45898.2,28654.4,1.3281
0.2,0.0,-9016.4,29825.1,-38841.5,-0.5278
0.2,0.0333,-5263.8,30929.1,-36192.9,-0.4595
0.2,0.0667,-1553.3,32011.9,-33565.3,-0.3922
0.2,0.1,2093.8,33071.9,-30978.1,-0.3233
0.2,0.1333,5658.3,34101.3,-28443.0,-0.2555
0.2,0.1667,9173.9,35109.6,-25935.7,-0.1875
0.2,0.2,12633.5,36097.3,-23463.8,-0.1183
0.2,0.2333,16013.9,37057.0,-21043.1,-0.0503
0.2,0.2667,19337.6,37995.3,-18657.7,0.0176
0.2,0.3,22599.1,38911.5,-16312.4,0.0855
0.2,0.3333,25761.6,39795.3,-14033.7,0.1517
0.2,0.3667,28854.7,40655.5,-11800.8,0.2177
0.2,0.4,31882.1,41493.0,-9610.8,0.2837
0.2,0.4333,34829.1,42302.2,-7473.1,0.3487
0.2,0.4667,37698.1,43085.3,-5387.3,0.4125
0.2,0.5,40483.8,43841.1,-3357.3,0.4752
0.2,0.5333,43186.8,44567.2,-1380.5,0.5365
0.2,0.5667,45849.7,45277.3,572.4,0.5994
0.2,0.6,48404.6,45951.5,2453.1,0.6581
0.2,0.6333,50782.5,46565.9,4216.6,0.7133
0.2,0.6667,53160.5,47180.3,5980.2,0.7685
0.2,0.7,55538.4,47794.7,7743.7,0.8237
0.2,0.7333,57676.9,48326.1,9350.8,0.8735
0.2,0.7667,59815.4,48857.5,10957.9,0.9232
0.2,0.8,61953.9,49388.9,12565.0,0.973
0.2,0.8333,63824.5,49833.9,13990.6,1.0153
0.2,0.8667,65695.0,50278.8,15416.3,1.0576
0.2,0.9,67565.6,50723.7,16841.9,1.0999
0.2,0.9333,69199.3,51096.6,18102.7,1.1377
0.2,0.9667,70832.9,51469.4,19363.5,1.1755
0.2,1.0,72466.6,51842.2,20624.3,1.2134
0.225,0.0,-10128.7,33084.7,-43213.4,-0.5874
0.225,0.0333,-6430.7,34301.1,-40731.8,-0.5217
0.225,0.0667,-2771.4,35500.5,-38271.9,-0.4564
0.225,0.1,819.9,36678.0,-35858.1,-0.39
0.225,0.1333,4325.2,37819.6,-33494.4,-0.3256
0.225,0.1667,7783.9,38933.5,-31149.5,-0.2607
0.225,0.2,11200.1,40023.6,-28823.5,-0.1936
0.225,0.2333,14534.8,41081.7,-26547.0,-0.128
0.225,0.2667,17812.3,42120.4,-24308.2,-0.0626
0.225,0.3,21026.3,43138.3,-22112.0,0.0028
0.225,0.3333,24162.2,44118.4,-19956.2,0.0683
0.225,0.3667,27200.2,45066.6,-17866.4,0.1307
0.225,0.4,30186.6,45998.2,-15811.6,0.1944
0.225,0.4333,33094.3,46898.8,-13804.5,0.2572
0.225,0.4667,35927.5,47767.3,-11839.8,0.319
0.225,0.5,38680.1,48602.7,-9922.6,0.3799
0.225,0.5333,41353.1,49406.0,-8052.9,0.4395
0.225,0.5667,43959.5,50193.1,-6233.7,0.4985
0.225,0.6,46509.2,50946.8,-4437.6,0.5575
0.225,0.6333,48872.3,51577.0,-2704.7,0.6122
0.225,0.6667,51220.5,52248.6,-1028.1,0.666
0.225,0.7,53568.7,52920.2,648.5,0.7198
0.225,0.7333,55667.4,53573.6,2093.8,0.7673
0.225,0.7667,57786.0,54166.0,3620.0,0.816
0.225,0.8,59924.5,54697.4,5227.0,0.8657
0.225,0.8333,61770.2,55248.6,6521.6,0.9066
0.225,0.8667,63628.3,55746.7,7881.6,0.9482
0.225,0.9,65498.9,56191.6,9307.3,0.9905
0.225,0.9333,67132.5,56564.4,10568.1,1.0283
0.225,0.9667,68756.6,56982.4,11774.2,1.0656
0.225,1.0,70371.2,57445.6,12925.6,1.1022
0.25,0.0,-11237.3,36249.6,-47486.9,-0.6458
0.25,0.0333,-7598.5,37583.0,-45181.5,-0.5828
0.25,0.0667,-3994.1,38893.5,-42887.6,-0.5198
0.25,0.1,-464.7,40171.7,-40636.5,-0.4569
0.25,0.1333,3003.5,41419.5,-38416.0,-0.3935
0.25,0.1667,6407.6,42635.8,-36228.3,-0.3314
0.25,0.2,9770.2,43831.1,-34060.9,-0.2672
0.25,0.2333,13055.3,44992.0,-31936.8,-0.2042
0.25,0.2667,16286.3,46127.4,-29841.0,-0.1412
0.25,0.3,19456.7,47235.8,-27779.1,-0.0782
0.25,0.3333,22546.3,48311.4,-25765.0,-0.0151
0.25,0.3667,25545.1,49349.3,-23804.2,0.0453
0.25,0.4,28493.5,50364.9,-21871.4,0.1069
0.25,0.4333,31365.1,51347.4,-19982.3,0.1677
0.25,0.4667,34162.1,52298.9,-18136.8,0.2275
0.25,0.5,36878.4,53217.9,-16339.5,0.2865
0.25,0.5333,39518.8,54102.6,-14583.8,0.3442
0.25,0.5667,42086.0,54955.5,-12869.5,0.4007
0.25,0.6,44615.2,55789.7,-11174.5,0.4588
0.25,0.6333,46943.1,56541.7,-9598.6,0.5112
0.25,0.6667,49271.0,57293.7,-8022.7,0.5636
0.25,0.7,51598.9,58045.8,-6446.8,0.616
0.25,0.7333,53697.6,58699.1,-5001.5,0.6635
0.25,0.7667,55796.3,59352.5,-3556.2,0.711
0.25,0.8,57895.0,60005.9,-2110.9,0.7585
0.25,0.8333,59740.7,60557.1,-816.4,0.7994
0.25,0.8667,61586.4,61108.3,478.1,0.8403
0.25,0.9,63432.1,61659.5,1772.6,0.8811
0.25,0.9333,65046.6,62122.6,2924.0,0.9178
0.25,0.9667,66661.2,62585.8,4075.5,0.9544
0.25,1.0,68275.8,63048.9,5226.9,0.9911
0.275,0.0,-12341.4,39313.7,-51655.1,-0.7027
0.275,0.0333,-8757.9,40750.2,-49508.2,-0.6423
0.275,0.0667,-5214.3,42175.4,-47389.7,-0.582
0.275,0.1,-1745.0,43550.3,-45295.4,-0.5222
0.275,0.1333,1678.3,44898.1,-43219.7,-0.4606
0.275,0.1667,5035.2,46215.6,-41180.4,-0.4006
0.275,0.2,8329.3,47505.5,-39176.2,-0.3407
0.275,0.2333,11579.8,48771.3,-37191.5,-0.2786
0.275,0.2667,14768.0,49992.3,-35224.3,-0.2178
0.275,0.3,17890.5,51195.0,-33304.5,-0.1572
0.275,0.3333,20934.1,52362.2,-31428.1,-0.0966
0.275,0.3667,23909.7,53485.4,-29575.7,-0.0367
0.275,0.4,26803.5,54583.3,-27779.8,0.0214
0.275,0.4333,29638.9,55644.9,-26006.0,0.0802
0.275,0.4667,32396.1,56682.7,-24286.6,0.1379
0.275,0.5,35079.6,57676.4,-22596.9,0.195
0.275,0.5333,37688.7,58633.8,-20945.1,0.2511
0.275,0.5667,40225.5,59560.3,-19334.9,0.3059
0.275,0.6,42690.2,60455.6,-17765.4,0.3594
0.275,0.6333,45014.1,61226.3,-16212.2,0.4122
0.275,0.6667,47322.0,62036.4,-14714.4,0.4641
0.275,0.7,49629.9,62846.4,-13216.5,0.516
0.275,0.7333,51728.6,63499.8,-11771.2,0.5635
0.275,0.7667,53806.7,64211.8,-10405.1,0.6099
0.275,0.8,55864.4,64982.5,-9118.1,0.6551
0.275,0.8333,57710.1,65533.7,-7823.6,0.696
0.275,0.8667,59549.8,66139.9,-6590.0,0.7367
0.275,0.9,61383.6,66801.1,-5417.5,0.7772
0.275,0.9333,62961.4,67346.4,-4385.0,0.8114
0.275,0.9667,64557.6,67850.6,-3293.1,0.8469
0.275,1.0,66172.1,68313.8,-2141.7,0.8835
0.3,0.0,-13441.0,42286.5,-55727.5,-0.7584
0.3,0.0333,-9918.0,43829.7,-53747.7,-0.7006
0.3,0.0667,-6425.8,45348.8,-51774.5,-0.6425
0.3,0.1,-3006.5,46830.8,-49837.3,-0.5843
0.3,0.1333,360.7,48280.0,-47919.2,-0.5258
0.3,0.1667,3662.5,49691.1,-46028.6,-0.4684
0.3,0.2,6909.2,51071.0,-44161.8,-0.4107
0.3,0.2333,10111.8,52424.0,-42312.2,-0.3512
0.3,0.2667,13250.1,53741.9,-40491.9,-0.2929
0.3,0.3,16328.1,55028.3,-38700.2,-0.2345
0.3,0.3333,19329.3,56277.1,-36947.8,-0.1761
0.3,0.3667,22266.8,57493.5,-35226.7,-0.1179
0.3,0.4,25116.5,58666.5,-33550.0,-0.0623
0.3,0.4333,27912.4,59810.7,-31898.3,-0.0057
0.3,0.4667,30635.5,60919.6,-30284.1,0.0503
0.3,0.5,33283.3,61991.8,-28708.6,0.1055
0.3,0.5333,35858.1,63025.4,-27167.3,0.1597
0.3,0.5667,38364.3,64023.2,-25658.9,0.2129
0.3,0.6,40801.8,64985.1,-24183.3,0.2649
0.3,0.6333,43088.2,65872.4,-22784.3,0.3153
0.3,0.6667,45374.5,66759.8,-21385.3,0.3657
0.3,0.7,47660.8,67647.1,-19986.2,0.4161
0.3,0.7333,49718.5,68417.7,-18699.2,0.4613
0.3,0.7667,51776.1,69188.4,-17412.2,0.5065
0.3,0.8,53833.8,69959.0,-16125.3,0.5517
0.3,0.8333,55667.5,70620.3,-14952.7,0.5923
0.3,0.8667,57501.3,71281.5,-13780.2,0.6328
0.3,0.9,59335.1,71942.7,-12607.7,0.6733
0.3,0.9333,60912.9,72488.1,-11575.2,0.7075
0.3,0.9667,62490.7,73033.4,-10542.7,0.7417
0.3,1.0,64068.5,73578.7,-9510.2,0.7759
0.325,0.0,-14541.2,45189.7,-59731.0,-0.813
0.325,0.0333,-11078.9,46834.2,-57913.1,-0.7578
0.325,0.0667,-7643.8,48450.1,-56093.9,-0.7021
0.325,0.1,-4277.1,50024.0,-54301.0,-0.6462
0.325,0.1333,-972.0,51566.3,-52538.4,-0.591
0.325,0.1667,2298.5,53069.8,-50771.4,-0.5341
0.325,0.2,5488.0,54540.5,-49052.4,-0.4794
0.325,0.2333,8638.3,55974.9,-47336.6,-0.4228
0.325,0.2667,11731.0,57387.6,-45656.6,-0.3665
0.325,0.3,14764.6,58754.3,-43989.7,-0.3104
0.325,0.3333,17723.5,60081.4,-42357.9,-0.2541
0.325,0.3667,20614.6,61383.7,-40769.1,-0.1982
0.325,0.4,23450.1,62642.8,-39192.7,-0.1424
0.325,0.4333,26186.8,63849.5,-37662.7,-0.0897
0.325,0.4667,28869.5,65038.5,-36169.0,-0.0359
0.325,0.5,31484.5,66180.7,-34696.2,0.0176
0.325,0.5333,34024.5,67287.6,-33263.1,0.0699
0.325,0.5667,36499.9,68354.3,-31854.4,0.1215
0.325,0.6,38909.4,69380.7,-30471.4,0.172
0.325,0.6333,41158.1,70330.0,-29172.0,0.2206
0.325,0.6667,43423.0,71242.2,-27819.3,0.2701
0.325,0.7,45687.9,72154.4,-26466.5,0.3196
0.325,0.7333,47702.9,73037.2,-25334.3,0.3626
0.325,0.7667,49739.2,73863.9,-24124.7,0.4066
0.325,0.8,51796.8,74634.5,-22837.7,0.4519
0.325,0.8333,53630.6,75295.8,-21665.2,0.4924
0.325,0.8667,55448.2,76006.9,-20558.8,0.532
0.325,0.9,57249.6,76768.0,-19518.4,0.5706
0.325,0.9333,58806.9,77400.6,-18593.7,0.6037
0.325,0.9667,60374.4,77989.5,-17615.1,0.6374
0.325,1.0,61952.2,78534.8,-16582.6,0.6716
0.35,0.0,-15636.8,48004.4,-63641.2,-0.8664
0.35,0.0333,-12230.4,49738.0,-61968.4,-0.8135
0.35,0.0667,-8853.4,51446.3,-60299.6,-0.7602
0.35,0.1,-5543.9,53115.1,-58659.1,-0.7066
0.35,0.1333,-2289.1,54743.6,-57032.8,-0.6538
0.35,0.1667,925.4,56342.3,-55416.9,-0.5995
0.35,0.2,4070.5,57897.3,-53826.7,-0.5466
0.35,0.2333,7160.3,59413.7,-52253.4,-0.4935
0.35,0.2667,10219.5,60907.1,-50687.6,-0.4383
0.35,0.3,13205.4,62357.6,-49152.3,-0.3845
0.35,0.3333,16118.3,63766.2,-47647.9,-0.3305
0.35,0.3667,18969.8,65138.7,-46168.9,-0.2766
0.35,0.4,21762.7,66475.9,-44713.2,-0.223
0.35,0.4333,24469.5,67763.5,-43293.9,-0.1714
0.35,0.4667,27109.9,69014.1,-41904.2,-0.12
0.35,0.5,29688.2,70229.2,-40541.0,-0.0685
0.35,0.5333,32196.1,71401.6,-39205.5,-0.0178
0.35,0.5667,34640.0,72535.1,-37895.1,0.0321
0.35,0.6,37018.3,73629.2,-36610.9,0.081
0.35,0.6333,39250.5,74640.1,-35389.5,0.1284
0.35,0.6667,41482.8,75650.9,-34168.2,0.1758
0.35,0.7,43715.0,76661.8,-32946.8,0.2232
0.35,0.7333,45729.9,77544.6,-31814.6,0.2661
0.35,0.7667,47744.9,78427.3,-30682.4,0.3091
0.35,0.8,49759.8,79310.0,-29550.2,0.352
0.35,0.8333,51561.3,80071.1,-28509.8,0.3906
0.35,0.8667,53362.7,80832.1,-27469.5,0.4293
0.35,0.9,55164.1,81593.2,-26429.1,0.468
0.35,0.9333,56721.4,82225.8,-25504.4,0.5011
0.35,0.9667,58278.7,82858.4,-24579.7,0.5342
0.35,1.0,59836.0,83491.0,-23655.0,0.5673
0.375,0.0,-16727.1,50724.9,-67452.0,-0.9185
0.375,0.0333,-13376.6,52543.2,-65919.9,-0.8678
0.375,0.0667,-10062.9,54345.5,-64408.4,-0.817
0.375,0.1,-6806.2,56097.7,-62903.9,-0.7656
0.375,0.1333,-3595.7,57811.9,-61407.5,-0.7143
0.375,0.1667,-439.4,59494.7,-59934.2,-0.6632
0.375,0.2,2657.2,61133.5,-58476.3,-0.6121
0.375,0.2333,5698.9,62734.3,-57035.4,-0.5612
0.375,0.2667,8706.5,64304.0,-55597.5,-0.5088
0.375,0.3,11650.6,65829.7,-54179.2,-0.4568
0.375,0.3333,14517.7,67316.1,-52798.4,-0.405
0.375,0.3667,17329.7,68756.1,-51426.3,-0.3531
0.375,0.4,20080.0,70168.0,-50088.0,-0.3016
0.375,0.4333,22759.5,71535.4,-48775.9,-0.2508
0.375,0.4667,25354.3,72842.9,-47488.6,-0.2022
0.375,0.5,27895.7,74127.8,-46232.1,-0.1526
0.375,0.5333,30368.5,75368.2,-44999.8,-0.1037
0.375,0.5667,32780.4,76565.8,-43785.5,-0.0554
0.375,0.6,35129.3,77720.1,-42590.7,-0.008
0.375,0.6333,37342.4,78739.9,-41397.4,0.0386
0.375,0.6667,39536.0,79792.7,-40256.7,0.084
0.375,0.7,41729.5,80845.5,-39116.0,0.1294
0.375,0.7333,43711.2,81840.9,-38129.7,0.1709
0.375,0.7667,45709.5,82779.9,-37070.4,0.2131
0.375,0.8,47724.5,83662.7,-35938.2,0.256
0.375,0.8333,49525.9,84423.7,-34897.8,0.2947
0.375,0.8667,51310.2,85232.7,-33922.5,0.3324
0.375,0.9,53077.4,86089.5,-33012.1,0.3692
0.375,0.9333,54634.7,86722.1,-32087.4,0.4023
0.375,0.9667,56188.1,87401.2,-31213.0,0.4353
0.375,1.0,57737.6,88126.7,-30389.0,0.4683
0.4,0.0,-17812.3,53360.2,-71172.5,-0.9692
0.4,0.0333,-14522.4,55265.5,-69788.0,-0.921
0.4,0.0667,-11262.6,57143.9,-68406.5,-0.8723
0.4,0.1,-8063.9,58981.8,-67045.7,-0.8232
0.4,0.1333,-4907.8,60781.3,-65689.1,-0.7741
0.4,0.1667,-1801.3,62541.7,-64343.0,-0.7251
0.4,0.2,1259.9,64267.1,-63007.2,-0.6748
0.4,0.2333,4245.3,65935.7,-61690.4,-0.6272
0.4,0.2667,7198.5,67576.7,-60378.2,-0.5779
0.4,0.3,10100.2,69182.4,-59082.2,-0.5274
0.4,0.3333,12925.1,70737.7,-57812.6,-0.4777
0.4,0.3667,15690.8,72253.6,-56562.8,-0.428
0.4,0.4,18401.6,73731.5,-55329.9,-0.3785
0.4,0.4333,21046.8,75165.5,-54118.7,-0.3292
0.4,0.4667,23599.5,76542.9,-52943.4,-0.2827
0.4,0.5,26106.3,77889.6,-51783.3,-0.2348
0.4,0.5333,28546.9,79190.7,-50643.8,-0.1875
0.4,0.5667,30926.3,80450.1,-49523.9,-0.141
0.4,0.6,33243.4,81667.3,-48423.9,-0.0952
0.4,0.6333,35410.3,82787.9,-47377.7,-0.0516
0.4,0.6667,37577.1,83908.6,-46331.4,-0.008
0.4,0.7,39744.0,85029.2,-45285.2,0.0356
0.4,0.7333,41725.7,86024.6,-44298.9,0.0771
0.4,0.7667,43707.4,87020.0,-43312.5,0.1185
0.4,0.8,45689.1,88015.3,-42326.2,0.16
0.4,0.8333,47456.3,88872.2,-41415.8,0.1968
0.4,0.8667,49223.5,89729.0,-40505.5,0.2336
0.4,0.9,50990.7,90585.8,-39595.1,0.2704
0.4,0.9333,52540.3,91311.3,-38771.1,0.3034
0.4,0.9667,54089.8,92036.8,-37947.1,0.3363
0.4,1.0,55639.3,92762.3,-37123.1,0.3693
0.425,0.0,-18891.7,55905.0,-74796.7,-1.0187
0.425,0.0333,-15658.0,57885.9,-73543.9,-0.9727
0.425,0.0667,-12456.3,59842.6,-72298.9,-0.9262
0.425,0.1,-9316.3,61760.9,-71077.2,-0.8794
0.425,0.1333,-6214.7,63641.4,-69856.1,-0.8325
0.425,0.1667,-3162.1,65476.3,-68638.4,-0.786
0.425,0.2,-153.9,67271.1,-67425.0,-0.7383
0.425,0.2333,2792.4,69022.5,-66230.1,-0.6917
0.425,0.2667,5698.8,70727.4,-65028.5,-0.6448
0.425,0.3,8555.1,72407.7,-63852.7,-0.5962
0.425,0.3333,11333.9,74034.1,-62700.2,-0.5487
0.425,0.3667,14060.3,75611.7,-61551.4,-0.5009
0.425,0.4,16728.3,77158.0,-60429.6,-0.4534
0.425,0.4333,19334.7,78653.3,-59318.6,-0.406
0.425,0.4667,21863.3,80108.1,-58244.8,-0.3599
0.425,0.5,24321.1,81505.2,-57184.1,-0.315
0.425,0.5333,26729.5,82864.5,-56135.1,-0.2694
0.425,0.5667,29073.5,84187.8,-55114.4,-0.2246
0.425,0.6,31361.1,85460.8,-54099.7,-0.1803
0.425,0.6333,33491.5,86634.3,-53142.8,-0.1383
0.425,0.6667,35637.8,87775.0,-52137.2,-0.0954
0.425,0.7,37784.1,88915.8,-51131.7,-0.0526
0.425,0.7333,39765.8,89911.2,-50145.4,-0.0111
0.425,0.7667,41723.4,90956.1,-49232.7,0.0291
0.425,0.8,43657.0,92050.6,-48393.6,0.068
0.425,0.8333,45388.3,92998.6,-47610.3,0.1029
0.425,0.8667,47137.5,93900.9,-46763.4,0.1387
0.425,0.9,48904.8,94757.8,-45853.0,0.1755
0.425,0.9333,50454.3,95483.3,-45029.0,0.2085
0.425,0.9667,51990.4,96249.4,-44258.9,0.2407
0.425,1.0,53513.2,97056.0,-43542.8,0.2721
0.45,0.0,-19965.6,58367.9,-78333.5,-1.067
0.45,0.0333,-16792.6,60425.9,-77218.5,-1.0232
0.45,0.0667,-13649.7,62456.3,-76106.0,-0.9789
0.45,0.1,-10563.2,64445.1,-75008.3,-0.9342
0.45,0.1333,-7512.5,66396.3,-73908.8,-0.8893
0.45,0.1667,-4507.0,68306.8,-72813.9,-0.8444
0.45,0.2,-1563.0,70168.1,-71731.1,-0.8003
0.45,0.2333,1348.9,71994.8,-70645.9,-0.7544
0.45,0.2667,4205.1,73774.0,-69568.9,-0.7098
0.45,0.3,7000.4,75507.8,-68507.4,-0.665
0.45,0.3333,9751.2,77206.3,-67455.2,-0.6178
0.45,0.3667,12431.6,78853.2,-66421.6,-0.5722
0.45,0.4,15060.0,80459.7,-65399.7,-0.5266
0.45,0.4333,17624.6,82018.6,-64394.0,-0.4812
0.45,0.4667,20125.3,83533.1,-63407.8,-0.436
0.45,0.5,22540.6,84987.8,-62447.2,-0.3935
0.45,0.5333,24913.6,86407.6,-61493.9,-0.3496
0.45,0.5667,27227.6,87783.1,-60555.5,-0.3063
0.45,0.6,29483.0,89114.2,-59631.2,-0.2635
0.45,0.6333,31596.7,90343.6,-58746.9,-0.2226
0.45,0.6667,33710.5,91573.0,-57862.5,-0.1817
0.45,0.7,35824.2,92802.4,-56978.2,-0.1408
0.45,0.7333,37757.8,93896.9,-56139.1,-0.1019
0.45,0.7667,39691.3,94991.4,-55300.1,-0.063
0.45,0.8,41624.8,96085.9,-54461.0,-0.0241
0.45,0.8333,43356.2,97033.8,-53677.7,0.0108
0.45,0.8667,45087.5,97981.8,-52894.3,0.0457
0.45,0.9,46818.8,98929.7,-52111.0,0.0806
0.45,0.9333,48341.6,99736.4,-51394.8,0.112
0.45,0.9667,49864.4,100543.0,-50678.6,0.1435
0.45,1.0,51387.2,101349.7,-49962.4,0.1749
0.475,0.0,-21033.5,60743.7,-81777.2,-1.1139
0.475,0.0333,-17921.0,62873.9,-80794.9,-1.0725
0.475,0.0667,-14832.7,64967.6,-79800.3,-1.0301
0.475,0.1,-11803.9,67028.4,-78832.3,-0.9875
0.475,0.1333,-8808.9,69051.4,-77860.3,-0.9448
0.475,0.1667,-5851.1,71025.4,-76876.5,-0.9017
0.475,0.2,-2950.2,72962.6,-75912.8,-0.8588
0.475,0.2333,-91.2,74854.7,-74946.0,-0.8156
0.475,0.2667,2719.6,76694.7,-73975.0,-0.7729
0.475,0.3,5469.5,78495.7,-73026.2,-0.7301
0.475,0.3333,8169.3,80248.6,-72079.2,-0.6857
0.475,0.3667,10812.1,81959.7,-71147.6,-0.6414
0.475,0.4,13397.5,83628.2,-70230.7,-0.5979
0.475,0.4333,15920.3,85247.4,-69327.0,-0.5544
0.475,0.4667,18382.1,86818.4,-68436.3,-0.5111
0.475,0.5,20787.6,88343.5,-67555.9,-0.4679
0.475,0.5333,23102.9,89805.6,-66702.7,-0.4278
0.475,0.5667,25386.8,91231.2,-65844.4,-0.3859
0.475,0.6,27608.7,92617.4,-65008.7,-0.3448
0.475,0.6333,29706.7,93854.1,-64147.4,-0.3044
0.475,0.6667,31788.4,95121.0,-63332.6,-0.2648
0.475,0.7,33870.1,96388.0,-62517.8,-0.2252
0.475,0.7333,35743.9,97567.1,-61823.2,-0.1896
0.475,0.7667,37647.6,98704.0,-61056.4,-0.1524
0.475,0.8,39581.2,99798.5,-60217.3,-0.1135
0.475,0.8333,41312.5,100746.4,-59434.0,-0.0786
0.475,0.8667,43030.2,101741.1,-58710.9,-0.0442
0.475,0.9,44734.4,102782.6,-58048.2,-0.0104
0.475,0.9333,46229.4,103667.1,-57437.7,0.0195
0.475,0.9667,47738.3,104512.6,-56774.3,0.0501
0.475,1.0,49261.1,105319.3,-56058.1,0.0816
0.5,0.0,-22096.0,63040.7,-85136.8,-1.1597
0.5,0.0333,-19039.0,65233.5,-84272.5,-1.1203
0.5,0.0667,-16014.8,67396.7,-83411.5,-1.0802
0.5,0.1,-13039.0,69520.1,-82559.1,-1.0396
0.5,0.1333,-10095.4,71605.7,-81701.1,-0.9987
0.5,0.1667,-7193.7,73650.0,-80843.7,-0.9577
0.5,0.2,-4339.3,75649.5,-79988.8,-0.9167
0.5,0.2333,-1533.0,77599.9,-79132.9,-0.8759
0.5,0.2667,1241.5,79515.0,-78273.5,-0.834
0.5,0.3,3943.2,81370.8,-77427.7,-0.7936
0.5,0.3333,6584.6,83176.4,-76591.8,-0.7525
0.5,0.3667,9194.8,84952.5,-75757.8,-0.7092
0.5,0.4,11740.4,86675.3,-74935.0,-0.6674
0.5,0.4333,14224.8,88347.8,-74123.0,-0.6257
0.5,0.4667,16647.1,89972.7,-73325.6,-0.5842
0.5,0.5,19014.8,91553.5,-72538.7,-0.5428
0.5,0.5333,21307.1,93072.9,-71765.9,-0.5033
0.5,0.5667,23548.1,94549.4,-71001.3,-0.4638
0.5,0.6,25738.5,95983.9,-70245.5,-0.4242
0.5,0.6333,27797.6,97313.8,-69516.2,-0.386
0.5,0.6667,29856.8,98643.7,-68786.8,-0.3477
0.5,0.7,31916.0,99973.5,-68057.5,-0.3095
0.5,0.7333,33789.8,101152.7,-67362.9,-0.274
0.5,0.7667,35663.7,102331.9,-66668.2,-0.2384
0.5,0.8,37537.5,103511.1,-65973.6,-0.2029
0.5,0.8333,39241.6,104552.6,-65310.9,-0.1691
0.5,0.8667,40945.8,105594.0,-64648.2,-0.1352
0.5,0.9,42650.0,106635.5,-63985.5,-0.1014
0.5,0.9333,44145.0,107520.0,-63375.0,-0.0715
0.5,0.9667,45640.0,108404.4,-62764.4,-0.0416
0.5,1.0,47135.0,109288.9,-62153.8,-0.0118
0.525,0.0,-23153.8,65217.0,-88370.8,-1.2039
0.525,0.0333,-20137.9,67427.0,-87565.0,-1.1653
0.525,0.0667,-17234.0,69703.2,-86937.2,-1.1293
0.525,0.1,-14269.3,71870.9,-86140.2,-1.0899
0.525,0.1333,-11354.1,73950.4,-85304.5,-1.0494
0.525,0.1667,-8557.4,76111.9,-84669.2,-1.0122
0.525,0.2,-5724.4,78177.8,-83902.2,-0.9727
0.525,0.2333,-2951.9,80139.8,-83091.7,-0.9322
0.525,0.2667,-280.2,82164.7,-82444.9,-0.8944
0.525,0.3,2424.4,84075.8,-81651.4,-0.8544
0.525,0.3333,5044.5,85879.8,-80835.3,-0.8126
0.525,0.3667,7552.1,87750.5,-80198.3,-0.7749
0.525,0.4,10084.4,89534.0,-79449.6,-0.7348
0.525,0.4333,12511.7,91226.2,-78714.5,-0.6946
0.525,0.4667,14858.7,92952.5,-78093.9,-0.6566
0.525,0.5,17242.1,94562.5,-77320.4,-0.6155
0.525,0.5333,19504.9,96072.6,-76567.7,-0.5763
0.525,0.5667,21679.8,97646.4,-75966.6,-0.5397
0.525,0.6,23866.3,99138.5,-75272.2,-0.5013
0.525,0.6333,25925.5,100468.4,-74542.9,-0.463
0.525,0.6667,27956.0,101844.1,-73888.2,-0.4261
0.525,0.7,29957.8,103265.7,-73307.9,-0.3906
0.525,0.7333,31784.4,104532.2,-72747.9,-0.3573
0.525,0.7667,33634.6,105755.1,-72120.5,-0.3229
0.525,0.8,35508.4,106934.3,-71425.9,-0.2874
0.525,0.8333,37212.6,107975.8,-70763.2,-0.2536
0.525,0.8667,38895.6,109057.2,-70161.5,-0.2208
0.525,0.9,40557.6,110178.5,-69620.9,-0.1891
0.525,0.9333,42052.6,111062.9,-69010.3,-0.1593
0.525,0.9667,43533.0,111984.6,-68451.6,-0.1302
0.525,1.0,44998.8,112943.6,-67944.8,-0.1019
0.55,0.0,-24211.5,67393.3,-91604.8,-1.2481
0.55,0.0333,-21307.5,69669.4,-90977.0,-1.2122
0.55,0.0667,-18403.6,71945.6,-90349.2,-1.1762
0.55,0.1,-15499.6,74221.8,-89721.4,-1.1402
0.55,0.1333,-12702.9,76383.2,-89086.1,-1.1031
0.55,0.1667,-9906.2,78544.6,-88450.8,-1.0659
0.55,0.2,-7109.5,80706.0,-87815.5,-1.0288
0.55,0.2333,-4437.8,82730.9,-87168.7,-0.9909
0.55,0.2667,-1766.1,84755.8,-86521.9,-0.9531
0.55,0.3,905.6,86780.7,-85875.1,-0.9153
0.55,0.3333,3413.2,88651.4,-85238.1,-0.8775
0.55,0.3667,5920.9,90522.0,-84601.2,-0.8398
0.55,0.4,8428.5,92392.7,-83964.2,-0.8021
0.55,0.4333,10775.5,94119.0,-83343.5,-0.7641
0.55,0.4667,13122.5,95845.3,-82722.8,-0.7261
0.55,0.5,15469.5,97571.6,-82102.1,-0.6881
0.55,0.5333,17644.4,99145.4,-81501.1,-0.6515
0.55,0.5667,19819.3,100719.3,-80900.0,-0.6149
0.55,0.6,21994.1,102293.1,-80299.0,-0.5783
0.55,0.6333,23995.9,103714.7,-79718.8,-0.5428
0.55,0.6667,25997.7,105136.3,-79138.6,-0.5073
0.55,0.7,27999.5,106557.9,-78558.4,-0.4717
0.55,0.7333,29826.1,107824.4,-77998.3,-0.4385
0.55,0.7667,31652.7,109090.9,-77438.2,-0.4052
0.55,0.8,33479.3,110357.5,-76878.2,-0.3719
0.55,0.8333,35141.2,111478.8,-76337.6,-0.3402
0.55,0.8667,36803.2,112600.1,-75796.9,-0.3086
0.55,0.9,38465.1,113721.4,-75256.3,-0.2769
0.55,0.9333,39931.0,114680.4,-74749.4,-0.2486
0.55,0.9667,41396.8,115639.4,-74242.6,-0.2203
0.55,1.0,42862.6,116598.3,-73735.7,-0.1921
0.575,0.0,-25255.8,69415.7,-94671.5,-1.29
0.575,0.0333,-22466.5,71790.9,-94257.4,-1.2579
0.575,0.0667,-19619.8,74116.6,-93736.5,-1.2238
0.575,0.1,-16715.9,76392.8,-93108.7,-1.1878
0.575,0.1333,-13919.2,78554.2,-92473.4,-1.1507
0.575,0.1667,-11174.6,80766.8,-91941.3,-1.1154
0.575,0.2,-8482.0,83030.4,-91512.4,-1.0819
0.575,0.2333,-5810.3,85055.2,-90865.6,-1.0441
0.575,0.2667,-3189.2,87127.6,-90316.9,-1.0084
0.575,0.3,-618.8,89247.5,-89866.3,-0.9748
0.575,0.3333,1805.7,91214.6,-89408.9,-0.9404
0.575,0.3667,4271.7,93133.4,-88861.8,-0.9043
0.575,0.4,6779.3,95004.1,-88224.8,-0.8665
0.575,0.4333,9052.0,96822.6,-87770.7,-0.8315
0.575,0.4667,11361.8,98595.1,-87233.3,-0.7949
0.575,0.5,13708.8,100321.4,-86612.6,-0.7569
0.575,0.5333,15883.6,101895.2,-86011.6,-0.7204
0.575,0.5667,18028.4,103515.3,-85486.9,-0.6849
0.575,0.6,20143.1,105181.8,-85038.7,-0.6506
0.575,0.6333,22079.3,106680.4,-84601.1,-0.6184
0.575,0.6667,24048.3,108140.5,-84092.3,-0.5845
0.575,0.7,26050.1,109562.1,-83512.0,-0.549
0.575,0.7333,27876.7,110828.6,-82952.0,-0.5157
0.575,0.7667,29678.9,112135.1,-82456.2,-0.4836
0.575,0.8,31456.7,113481.4,-82024.7,-0.4526
0.575,0.8333,33065.2,114668.0,-81602.7,-0.4238
0.575,0.8667,34700.4,115821.9,-81121.4,-0.3936
0.575,0.9,36362.4,116943.2,-80580.8,-0.3619
0.575,0.9333,37807.3,117980.8,-80173.6,-0.3345
0.575,0.9667,39262.6,118979.1,-79716.5,-0.3066
0.575,1.0,40728.4,119938.1,-79209.6,-0.2783
0.6,0.0,-26300.1,71438.2,-97738.3,-1.3318
0.6,0.0333,-23510.8,73813.4,-97324.2,-1.2997
0.6,0.0667,-20721.5,76188.6,-96910.1,-1.2676
0.6,0.1,-17932.2,78563.9,-96496.0,-1.2355
0.6,0.1333,-15239.6,80827.5,-96067.1,-1.202
0.6,0.1667,-12547.1,83091.1,-95638.1,-1.1685
0.6,0.2,-9854.5,85354.7,-95209.2,-1.135
0.6,0.2333,-7284.1,87474.5,-94758.6,-1.1015
0.6,0.2667,-4713.6,89594.4,-94308.0,-1.0679
0.6,0.3,-2143.1,91714.3,-93857.4,-1.0344
0.6,0.3333,281.3,93681.4,-93400.1,-0.9999
0.6,0.3667,2705.7,95648.4,-92942.7,-0.9654
0.6,0.4,5130.2,97615.5,-92485.4,-0.931
0.6,0.4333,7402.8,99434.0,-92031.3,-0.8959
0.6,0.4667,9675.4,101252.6,-91577.2,-0.8609
0.6,0.5,11948.0,103071.1,-91123.1,-0.8258
0.6,0.5333,14062.7,104737.6,-90674.8,-0.7915
0.6,0.5667,16177.4,106404.0,-90226.6,-0.7572
0.6,0.6,18292.1,108070.5,-89778.4,-0.7229
0.6,0.6333,20228.3,109569.1,-89340.8,-0.6907
0.6,0.6667,22164.5,111067.7,-88903.3,-0.6584
0.6,0.7,24100.6,112566.3,-88465.7,-0.6262
0.6,0.7333,25878.5,113912.7,-88034.2,-0.5952
0.6,0.7667,27656.3,115259.0,-87602.7,-0.5642
0.6,0.8,29434.2,116605.4,-87171.2,-0.5332
0.6,0.8333,31042.7,117791.9,-86749.2,-0.5045
0.6,0.8667,32651.2,118978.4,-86327.3,-0.4757
0.6,0.9,34259.7,120164.9,-85905.3,-0.447
0.6,0.9333,35704.5,121202.6,-85498.1,-0.4195
0.6,0.9667,37149.4,122240.2,-85090.8,-0.3921
0.6,1.0,38594.2,123277.8,-84683.6,-0.3646
0.625,0.0,-27333.0,73311.8,-100644.8,-1.3718
0.625,0.0333,-24543.7,75687.0,-100230.7,-1.3397
0.625,0.0667,-21812.0,78102.7,-99914.7,-1.3094
0.625,0.1,-19137.9,80558.9,-99696.8,-1.281
0.625,0.1333,-16547.5,82911.2,-99458.7,-1.2507
0.625,0.1667,-13906.0,85219.1,-99125.1,-1.2187
0.625,0.2,-11213.5,87482.7,-98696.2,-1.1852
0.625,0.2333,-8643.0,89602.6,-98245.6,-1.1517
0.625,0.2667,-6117.5,91768.0,-97885.5,-1.1196
0.625,0.3,-3637.0,93978.9,-97615.9,-1.089
0.625,0.3333,-1212.6,95946.0,-97158.6,-1.0545
0.625,0.3667,1168.0,97953.5,-96785.5,-1.0218
0.625,0.4,3504.8,100001.6,-96496.8,-0.9909
0.625,0.4333,5777.4,101820.1,-96042.7,-0.9559
0.625,0.4667,8009.5,103676.5,-95667.0,-0.9226
0.625,0.5,10201.1,105570.8,-95369.7,-0.891
0.625,0.5333,12245.7,107312.2,-95066.5,-0.8597
0.625,0.5667,14325.3,109016.1,-94690.8,-0.8269
0.625,0.6,16440.0,110682.6,-94242.6,-0.7926
0.625,0.6333,18318.4,112256.3,-93937.9,-0.7628
0.625,0.6667,20225.7,113792.4,-93566.8,-0.7318
0.625,0.7,22161.8,115291.1,-93129.2,-0.6996
0.625,0.7333,23939.7,116637.4,-92697.7,-0.6686
0.625,0.7667,25692.8,118019.9,-92327.1,-0.6387
0.625,0.8,27421.3,119438.5,-92017.3,-0.6099
0.625,0.8333,28987.9,120694.0,-91706.1,-0.5831
0.625,0.8667,30575.5,121915.0,-91339.5,-0.5553
0.625,0.9,32184.0,123101.5,-90917.6,-0.5266
0.625,0.9333,33628.8,124139.1,-90510.3,-0.4991
0.625,0.9667,35049.5,125202.9,-90153.4,-0.4731
0.625,1.0,36445.9,126292.7,-89846.8,-0.4484
0.65,0.0,-28365.9,75185.3,-103551.2,-1.4117
0.65,0.0333,-25691.8,77641.5,-103333.3,-1.3833
0.65,0.0667,-23017.7,80097.7,-103115.4,-1.3549
0.65,0.1,-20343.6,82553.9,-102897.5,-1.3266
0.65,0.1333,-17753.2,84906.2,-102659.4,-1.2962
0.65,0.1667,-15162.8,87258.5,-102421.3,-1.2658
0.65,0.2,-12572.4,89610.7,-102183.2,-1.2355
0.65,0.2333,-10091.9,91821.7,-101913.6,-1.2048
0.65,0.2667,-7611.4,94032.6,-101644.0,-1.1742
0.65,0.3,-5130.9,96243.5,-101374.4,-1.1435
0.65,0.3333,-2794.1,98291.6,-101085.7,-1.1127
0.65,0.3667,-457.3,100339.6,-100797.0,-1.0818
0.65,0.4,1879.4,102387.7,-100508.2,-1.0509
0.65,0.4333,4071.0,104282.0,-100210.9,-1.0193
0.65,0.4667,6262.6,106176.3,-99913.7,-0.9877
0.65,0.5,8454.2,108070.5,-99616.4,-0.9562
0.65,0.5333,10498.8,109811.9,-99313.2,-0.9249
0.65,0.5667,12543.3,111553.3,-99010.0,-0.8936
0.65,0.6,14587.9,113294.7,-98706.8,-0.8623
0.65,0.6333,16466.3,114868.4,-98402.1,-0.8326
0.65,0.6667,18344.6,116442.1,-98097.4,-0.8028
0.65,0.7,20223.0,118015.8,-97792.7,-0.773
0.65,0.7333,21951.5,119434.4,-97482.9,-0.7442
0.65,0.7667,23679.9,120853.0,-97173.1,-0.7155
0.65,0.8,25408.4,122271.7,-96863.3,-0.6867
0.65,0.8333,26975.0,123527.1,-96552.1,-0.6599
0.65,0.8667,28541.6,124782.6,-96241.0,-0.633
0.65,0.9,30108.3,126038.1,-95929.8,-0.6062
0.65,0.9333,31504.7,127127.9,-95623.2,-0.5815
0.65,0.9667,32901.1,128217.7,-95316.6,-0.5568
0.65,1.0,34297.5,129307.5,-95010.0,-0.5321
0.675,0.0,-29381.0,76922.3,-106303.3,-1.4489
0.675,0.0333,-26706.9,79378.5,-106085.4,-1.4206
0.675,0.0667,-24089.8,81867.1,-105956.9,-1.3939
0.675,0.1,-21529.9,84388.1,-105918.0,-1.369
0.675,0.1333,-18939.5,86740.4,-105679.9,-1.3386
0.675,0.1667,-16401.6,89128.0,-105529.6,-1.3099
0.675,0.2,-13916.2,91550.9,-105467.1,-1.2829
0.675,0.2333,-11529.7,93836.2,-105366.0,-1.2554
0.675,0.2667,-9096.2,96084.4,-105180.6,-1.2263
0.675,0.3,-6615.7,98295.3,-104911.0,-1.1957
0.675,0.3333,-4364.2,100414.8,-104779.0,-1.168
0.675,0.3667,-2070.0,102498.6,-104568.6,-1.1387
0.675,0.4,266.7,104546.6,-104279.9,-1.1078
0.675,0.4333,2374.5,106502.7,-104128.2,-1.0798
0.675,0.4667,4524.2,108427.8,-103903.7,-1.05
0.675,0.5,6715.8,110322.1,-103606.4,-1.0185
0.675,0.5333,8760.3,112063.5,-103303.2,-0.9872
0.675,0.5667,10772.0,113839.6,-103067.6,-0.9571
0.675,0.6,12750.8,115650.3,-102899.5,-0.9283
0.675,0.6333,14629.2,117224.0,-102594.8,-0.8985
0.675,0.6667,16481.6,118833.9,-102352.3,-0.8696
0.675,0.7,18308.0,120480.1,-102172.0,-0.8417
0.675,0.7333,19979.1,121956.4,-101977.3,-0.8157
0.675,0.7667,21678.9,123403.9,-101725.0,-0.7884
0.675,0.8,23407.4,124822.6,-101415.2,-0.7596
0.675,0.8333,24974.0,126078.1,-101104.1,-0.7328
0.675,0.8667,26518.8,127364.5,-100845.6,-0.7069
0.675,0.9,28041.9,128681.9,-100640.0,-0.6819
0.675,0.9333,29404.0,129831.4,-100427.4,-0.6588
0.675,0.9667,30783.3,130951.1,-100167.8,-0.6349
0.675,1.0,32179.7,132040.9,-99861.2,-0.6102
0.7,0.0,-30396.1,78659.2,-109055.3,-1.4862
0.7,0.0333,-27836.1,81180.3,-109016.4,-1.4613
0.7,0.0667,-25276.1,83701.3,-108977.4,-1.4364
0.7,0.1,-22716.1,86222.3,-108938.5,-1.4115
0.7,0.1333,-20230.8,88645.2,-108876.0,-1.3844
0.7,0.1667,-17745.4,91068.1,-108813.5,-1.3573
0.7,0.2,-15260.1,93491.0,-108751.0,-1.3303
0.7,0.2333,-12873.5,95776.4,-108649.9,-1.3028
0.7,0.2667,-10487.0,98061.8,-108548.7,-1.2753
0.7,0.3,-8100.5,100347.1,-108447.6,-1.2478
0.7,0.3333,-5849.0,102466.6,-108315.6,-1.2201
0.7,0.3667,-3597.4,104586.1,-108183.6,-1.1924
0.7,0.4,-1345.9,106705.6,-108051.6,-1.1647
0.7,0.4333,761.8,108661.7,-107899.8,-1.1367
0.7,0.4667,2869.6,110617.7,-107748.1,-1.1087
0.7,0.5,4977.4,112573.7,-107596.4,-1.0808
0.7,0.5333,6956.2,114384.4,-107428.3,-1.0519
0.7,0.5667,8935.0,116195.1,-107260.2,-1.023
0.7,0.6,10913.7,118005.8,-107092.1,-0.9942
0.7,0.6333,12740.2,119652.0,-106911.8,-0.9662
0.7,0.6667,14566.6,121298.2,-106731.6,-0.9383
0.7,0.7,16393.1,122944.4,-106551.3,-0.9104
0.7,0.7333,18064.2,124420.8,-106356.6,-0.8844
0.7,0.7667,19735.3,125897.1,-106161.9,-0.8584
0.7,0.8,21406.4,127373.5,-105967.1,-0.8325
0.7,0.8333,22929.4,128690.9,-105761.5,-0.8075
0.7,0.8667,24452.5,130008.3,-105555.8,-0.7826
0.7,0.9,25975.6,131325.7,-105350.1,-0.7577
0.7,0.9333,27337.7,132475.2,-105137.6,-0.7345
0.7,0.9667,28699.8,133624.8,-104925.0,-0.7114
0.7,1.0,30061.9,134774.3,-104712.4,-0.6883
0.725,0.0,-31395.6,80264.5,-111660.0,-1.5212
0.725,0.0333,-28949.4,82833.6,-111782.9,-1.4996
0.725,0.0667,-26446.3,85378.6,-111824.9,-1.4763
0.725,0.1,-23886.3,87899.6,-111785.9,-1.4514
0.725,0.1333,-21508.5,90375.0,-111883.4,-1.4279
0.725,0.1667,-19076.9,92824.1,-111901.0,-1.4026
0.725,0.2,-16591.5,95247.0,-111838.5,-1.3755
0.725,0.2333,-14205.0,97532.4,-111737.3,-1.348
0.725,0.2667,-11864.1,99849.7,-111713.8,-1.3218
0.725,0.3,-9568.9,102198.9,-111767.8,-1.2969
0.725,0.3333,-7317.4,104318.4,-111635.8,-1.2692
0.725,0.3667,-5107.2,106469.2,-111576.5,-1.2428
0.725,0.4,-2938.4,108651.4,-111589.8,-1.2179
0.725,0.4333,-830.6,110607.5,-111438.1,-1.1899
0.725,0.4667,1238.4,112592.0,-111353.6,-1.1634
0.725,0.5,3268.7,114605.1,-111336.4,-1.1383
0.725,0.5333,5173.3,116467.4,-111294.1,-1.1126
0.725,0.5667,7115.0,118303.8,-111188.9,-1.0852
0.725,0.6,9093.8,120114.5,-111020.8,-1.0564
0.725,0.6333,10920.2,121760.7,-110840.5,-1.0284
0.725,0.6667,12715.6,123434.2,-110718.6,-1.0018
0.725,0.7,14480.1,125135.0,-110655.0,-0.9764
0.725,0.7333,16109.4,126677.7,-110568.3,-0.9517
0.725,0.7667,17759.7,128187.3,-110427.6,-0.9264
0.725,0.8,19430.8,129663.7,-110232.9,-0.9004
0.725,0.8333,20900.8,131027.2,-110126.4,-0.8781
0.725,0.8667,22397.4,132367.7,-109970.3,-0.8545
0.725,0.9,23920.4,133685.1,-109764.6,-0.8296
0.725,0.9333,25282.6,134834.6,-109552.1,-0.8064
0.725,0.9667,26626.5,136011.0,-109384.5,-0.7841
0.725,1.0,27952.3,137214.2,-109261.9,-0.7626
0.75,0.0,-32395.1,81869.7,-114264.8,-1.5563
0.75,0.0333,-29948.9,84438.8,-114387.7,-1.5346
0.75,0.0667,-27502.7,87007.9,-114510.5,-1.513
0.75,0.1,-25056.5,89577.0,-114633.4,-1.4913
0.75,0.1333,-22678.6,92052.3,-114730.9,-1.4678
0.75,0.1667,-20300.8,94527.6,-114828.4,-1.4443
0.75,0.2,-17923.0,97003.0,-114925.9,-1.4208
0.75,0.2333,-15627.8,99352.2,-114980.0,-1.3958
0.75,0.2667,-13332.6,101701.4,-115034.0,-1.3709
0.75,0.3,-11037.4,104050.7,-115088.0,-1.346
0.75,0.3333,-8868.5,106232.9,-115101.4,-1.321
0.75,0.3667,-6699.7,108415.1,-115114.8,-1.2961
0.75,0.4,-4530.9,110597.3,-115128.1,-1.2711
0.75,0.4333,-2500.5,112610.4,-115110.9,-1.2461
0.75,0.4667,-470.2,114623.5,-115093.7,-1.221
0.75,0.5,1560.1,116636.6,-115076.5,-1.1959
0.75,0.5333,3464.6,118498.8,-115034.1,-1.1701
0.75,0.5667,5369.2,120361.0,-114991.8,-1.1444
0.75,0.6,7273.8,122223.2,-114949.5,-1.1186
0.75,0.6333,9038.2,123924.0,-114885.9,-1.0932
0.75,0.6667,10802.6,125624.9,-114822.2,-1.0678
0.75,0.7,12567.0,127325.7,-114758.6,-1.0425
0.75,0.7333,14196.4,128868.4,-114672.0,-1.0178
0.75,0.7667,15825.8,130411.1,-114585.3,-0.9931
0.75,0.8,17455.2,131953.8,-114498.6,-0.9684
0.75,0.8333,18925.2,133317.4,-114392.1,-0.9461
0.75,0.8667,20395.3,134680.9,-114285.6,-0.9238
0.75,0.9,21865.3,136044.5,-114179.1,-0.9014
0.75,0.9333,23191.1,137247.6,-114056.5,-0.8799
0.75,0.9667,24516.9,138450.8,-113933.9,-0.8584
0.75,1.0,25842.7,139654.0,-113811.3,-0.8368
