alpha,tau,d_units_net,d_units_affordable,d_units_market,d_rent_pct
0.0,0.0,0.0,0.0,0.0,0.0
0.0,1.0,5347.9,24.7,5323.2,0.0778
0.0,2.0,10570.9,49.7,10521.2,0.154
0.0,3.0,15661.8,75.3,15586.5,0.2304
0.0,4.0,20584.3,101.0,20483.2,0.3041
0.0,5.0,25351.4,127.0,25224.5,0.3759
0.0,6.0,29959.0,153.0,29806.0,0.4458
0.0,7.0,34403.2,178.9,34224.3,0.5137
0.0,8.0,38682.5,204.8,38477.8,0.5795
0.0,9.0,42796.3,230.4,42565.8,0.6432
0.0,10.0,46746.2,255.8,46490.4,0.7049
0.0,11.0,50447.9,280.6,50167.3,0.7625
0.0,12.0,54149.6,305.4,53844.2,0.82
0.0,13.0,57548.0,329.4,57218.6,0.8742
0.0,14.0,60946.3,353.4,60592.9,0.9285
0.0,15.0,64047.0,376.3,63670.7,0.9787
0.0,16.0,67147.6,399.2,66748.4,1.0289
0.0,17.0,69960.1,420.9,69539.1,1.075
0.0,18.0,72772.5,442.7,72329.8,1.1211
0.0,19.0,75325.0,463.2,74861.7,1.1636
0.0,20.0,77877.4,483.7,77393.7,1.2061
0.0,21.0,80190.2,503.0,79687.2,1.2452
0.0,22.0,82503.1,522.2,81980.8,1.2843
0.0,23.0,84593.1,540.2,84052.9,1.3203
0.0,24.0,86683.1,558.2,86124.9,1.3562
0.0,25.0,88570.0,575.0,87995.1,1.3891
0.0,26.0,90456.9,591.7,89865.2,1.4221
0.0,27.0,92159.6,607.2,91552.4,1.4522
0.0,28.0,93862.2,622.7,93239.5,1.4823
0.0,29.0,95396.6,637.1,94759.5,1.5099
0.0,30.0,96930.9,651.4,96279.5,1.5375
0.025,0.0,-1141.7,4102.3,-5244.1,-0.0716
0.025,1.0,4160.3,4351.9,-191.6,0.0033
0.025,2.0,9333.8,4599.5,4734.3,0.0761
0.025,3.0,14379.5,4845.1,9534.3,0.1489
0.025,4.0,19260.0,5086.8,14173.2,0.2192
0.025,5.0,23986.7,5324.5,18662.1,0.2878
0.025,6.0,28555.8,5557.8,22998.0,0.3546
0.025,7.0,32964.9,5786.3,27178.6,0.4194
0.025,8.0,37210.9,6009.4,31201.5,0.4823
0.025,9.0,41293.5,6226.9,35066.6,0.5432
0.025,10.0,45214.0,6438.6,38775.4,0.6022
0.025,11.0,48894.4,6562.1,42332.3,0.6582
0.025,12.0,52564.5,6755.7,45808.8,0.7132
0.025,13.0,55917.7,7106.9,48810.8,0.7626
0.025,14.0,59316.1,7130.9,52185.2,0.8168
0.025,15.0,62416.7,7153.8,55263.0,0.867
0.025,16.0,65480.4,7480.8,57999.6,0.9128
0.025,17.0,68259.0,7783.5,60475.6,0.9549
0.025,18.0,71071.5,7805.2,63266.2,1.001
0.025,19.0,73623.9,7825.8,65798.2,1.0435
0.025,20.0,76148.7,8105.4,68043.4,1.0822
0.025,21.0,78437.0,8362.7,70074.3,1.1179
0.025,22.0,80749.8,8381.9,72367.9,1.157
0.025,23.0,82819.0,8618.0,74201.0,1.1898
0.025,24.0,84909.0,8636.0,76273.0,1.2257
0.025,25.0,86795.9,8652.7,78143.2,1.2586
0.025,26.0,88664.2,8868.8,79795.4,1.2887
0.025,27.0,90366.9,8884.3,81482.5,1.3188
0.025,28.0,92053.7,9081.8,82971.9,1.3463
0.025,29.0,93574.9,9261.9,84313.0,1.3715
0.025,30.0,95109.2,9276.2,85833.0,1.399
0.05,0.0,-2280.8,8098.2,-10379.0,-0.1418
0.05,1.0,2974.8,8566.4,-5591.6,-0.0697
0.05,2.0,8098.4,9030.1,-931.7,-0.0003
0.05,3.0,13097.7,9489.5,3608.2,0.069
0.05,4.0,17936.3,9941.2,7995.2,0.1361
0.05,5.0,22622.0,10384.7,12237.2,0.2015
0.05,6.0,27152.7,10819.5,16333.2,0.2652
0.05,7.0,31526.0,11244.8,20281.2,0.327
0.05,8.0,35738.0,11659.8,24078.2,0.387
0.05,9.0,39789.4,12064.0,27725.5,0.4452
0.05,10.0,43680.1,12456.8,31223.3,0.5014
0.05,11.0,47329.7,12831.4,34498.3,0.5539
0.05,12.0,50979.3,13206.0,37773.3,0.6063
0.05,13.0,54332.6,13557.2,40775.4,0.6558
0.05,14.0,57685.9,13908.4,43777.5,0.7052
0.05,15.0,60749.5,14235.4,46514.1,0.751
0.05,16.0,63813.2,14562.4,49250.7,0.7968
0.05,17.0,66591.8,14865.1,51726.7,0.8388
0.05,18.0,69370.5,15167.8,54202.7,0.8809
0.05,19.0,71895.2,15447.4,56447.9,0.9196
0.05,20.0,74420.0,15727.0,58693.1,0.9584
0.05,21.0,76708.3,15984.3,60724.0,0.994
0.05,22.0,78996.5,16241.6,62755.0,1.0297
0.05,23.0,81065.7,16477.6,64588.0,1.0624
0.05,24.0,83134.8,16713.7,66421.1,1.0952
0.05,25.0,85003.2,16929.8,68073.3,1.1253
0.05,26.0,86871.5,17145.9,69725.6,1.1553
0.05,27.0,88558.3,17343.4,71214.9,1.1828
0.05,28.0,90245.2,17540.9,72704.3,1.2103
0.05,29.0,91766.3,17720.9,74045.4,1.2355
0.05,30.0,93287.5,17901.0,75386.5,1.2606
0.075,0.0,-3402.8,11982.0,-15384.8,-0.2085
0.075,1.0,1799.7,12661.4,-10861.7,-0.1401
0.075,2.0,6865.2,13333.3,-6468.1,-0.0751
0.075,3.0,11807.0,13998.3,-2191.3,-0.0105
0.075,4.0,16613.8,14654.8,1959.0,0.0546
0.075,5.0,21258.4,15297.9,5960.5,0.117
0.075,6.0,25749.7,15928.0,9821.7,0.1776
0.075,7.0,30086.6,16544.0,13542.6,0.2366
0.075,8.0,34264.7,17145.0,17119.7,0.2938
0.075,9.0,38284.2,17730.1,20554.1,0.3492
0.075,10.0,42145.0,18298.7,23846.3,0.4028
0.075,11.0,45766.3,18832.0,26934.3,0.4533
0.075,12.0,49397.0,19298.9,30098.1,0.5046
0.075,13.0,52750.3,19650.1,33100.2,0.5541
0.075,14.0,56049.0,20308.9,35740.1,0.5981
0.075,15.0,59071.9,20923.2,38148.7,0.6397
0.075,16.0,62135.6,21250.2,40885.3,0.6855
0.075,17.0,64914.2,21552.9,43361.3,0.7275
0.075,18.0,67659.7,22121.1,45538.6,0.7657
0.075,19.0,70154.4,22645.6,47508.8,0.8008
0.075,20.0,72679.2,22925.2,49754.0,0.8396
0.075,21.0,74942.6,23407.8,51534.8,0.8719
0.075,22.0,77230.9,23665.1,53565.8,0.9075
0.075,23.0,79300.0,23901.2,55398.9,0.9403
0.075,24.0,81348.1,24343.7,57004.4,0.97
0.075,25.0,83197.2,24748.4,58448.8,0.9973
0.075,26.0,85065.5,24964.5,60101.0,1.0274
0.075,27.0,86735.1,25334.2,61400.9,1.0524
0.075,28.0,88421.9,25531.6,62890.3,1.0799
0.075,29.0,89943.1,25711.7,64231.4,1.105
0.075,30.0,91449.8,26048.7,65401.1,1.1279
0.1,0.0,-4532.1,15761.6,-20293.7,-0.2752
0.1,1.0,613.9,16645.1,-16031.2,-0.2108
0.1,2.0,5634.2,17520.3,-11886.1,-0.1484
0.1,3.0,10529.2,18385.7,-7856.5,-0.0869
0.1,4.0,15291.7,19240.0,-3948.3,-0.0251
0.1,5.0,19895.6,20076.9,-181.3,0.0341
0.1,6.0,24347.0,20896.5,3450.5,0.0919
0.1,7.0,28647.0,21697.9,6949.1,0.148
0.1,8.0,32791.3,22479.5,10311.8,0.2024
0.1,9.0,36777.8,23240.3,13537.4,0.2551
0.1,10.0,40608.6,23979.6,16629.0,0.3061
0.1,11.0,44211.6,24685.7,19525.9,0.3545
0.1,12.0,47814.6,25391.8,22422.9,0.403
0.1,13.0,51113.4,26050.6,25062.8,0.447
0.1,14.0,54412.2,26709.4,27702.8,0.491
0.1,15.0,57435.1,27323.7,30111.4,0.5326
0.1,16.0,60458.0,27938.0,32520.0,0.5741
0.1,17.0,63203.5,28506.3,34697.2,0.6123
0.1,18.0,65949.0,29074.5,36874.4,0.6504
0.1,19.0,68443.7,29599.0,38844.7,0.6856
0.1,20.0,70938.3,30123.4,40814.9,0.7207
0.1,21.0,73201.8,30606.0,42595.8,0.7531
0.1,22.0,75465.2,31088.6,44376.6,0.7854
0.1,23.0,77513.3,31531.1,45982.2,0.8151
0.1,24.0,79561.4,31973.7,47587.7,0.8449
0.1,25.0,81410.5,32378.4,49032.1,0.8722
0.1,26.0,83259.6,32783.1,50476.4,0.8994
0.1,27.0,84929.1,33152.7,51776.4,0.9244
0.1,28.0,86598.7,33522.4,53076.3,0.9494
0.1,29.0,88105.4,33859.4,54246.0,0.9723
0.1,30.0,89612.0,34196.4,55415.7,0.9951
0.125,0.0,-5658.4,19430.8,-25089.3,-0.3404
0.125,1.0,-568.8,20511.1,-21079.9,-0.2799
0.125,2.0,4405.5,21583.0,-17177.5,-0.22
0.125,3.0,9253.8,22642.3,-13388.5,-0.1617
0.125,4.0,13970.3,23687.6,-9717.2,-0.1032
0.125,5.0,18533.8,24712.2,-6178.4,-0.0469
0.125,6.0,22945.4,25715.4,-2770.1,0.0079
0.125,7.0,27207.6,26696.1,511.5,0.0613
0.125,8.0,31317.1,27652.6,3664.5,0.113
0.125,9.0,35271.1,28583.7,6687.4,0.1631
0.125,10.0,39071.3,29488.3,9583.0,0.2115
0.125,11.0,42651.5,30279.5,12372.0,0.2586
0.125,12.0,46220.4,31132.9,15087.4,0.3046
0.125,13.0,49471.6,32082.6,17389.0,0.3444
0.125,14.0,52770.3,32741.4,20028.9,0.3884
0.125,15.0,55793.2,33355.7,22437.5,0.4299
0.125,16.0,58773.7,34240.7,24533.0,0.4674
0.125,17.0,61519.2,34808.9,26710.2,0.5056
0.125,18.0,64230.1,35627.7,28602.4,0.54
0.125,19.0,66724.8,36152.2,30572.6,0.5752
0.125,20.0,69187.6,36907.5,32280.1,0.6069
0.125,21.0,71451.0,37390.1,34060.9,0.6392
0.125,22.0,73687.3,38085.1,35602.1,0.6684
0.125,23.0,75713.3,38722.8,36990.5,0.6952
0.125,24.0,77761.4,39165.3,38596.1,0.7249
0.125,25.0,79591.5,39748.5,39843.0,0.7495
0.125,26.0,81440.6,40153.2,41287.4,0.7768
0.125,27.0,83092.8,40685.5,42407.4,0.7994
0.125,28.0,84762.4,41055.1,43707.3,0.8244
0.125,29.0,86269.1,41392.1,44877.0,0.8472
0.125,30.0,87760.2,41877.3,45882.9,0.8679
0.15,0.0,-6781.5,22999.6,-29781.1,-0.4043
0.15,1.0,-1748.7,24270.0,-26018.7,-0.3477
0.15,2.0,3179.5,25532.7,-22353.2,-0.2903
0.15,3.0,7980.3,26779.6,-18799.3,-0.235
0.15,4.0,12639.8,28007.2,-15367.4,-0.1809
0.15,5.0,17173.4,29216.6,-12043.2,-0.1263
0.15,6.0,21544.6,30397.7,-8853.1,-0.0743
0.15,7.0,25768.8,31552.4,-5783.6,-0.0237
0.15,8.0,29842.9,32678.5,-2835.6,0.0254
0.15,9.0,33764.1,33774.7,-10.6,0.0729
0.15,10.0,37533.4,34839.8,2693.6,0.1189
0.15,11.0,41079.8,35856.9,5222.8,0.1626
0.15,12.0,44626.1,36874.1,7752.0,0.2063
0.15,13.0,47877.3,37823.7,10053.6,0.246
0.15,14.0,51128.5,38773.4,12355.1,0.2858
0.15,15.0,54108.9,39658.4,14450.6,0.3232
0.15,16.0,57089.4,40543.3,16546.0,0.3607
0.15,17.0,59800.3,41362.2,18438.2,0.3952
0.15,18.0,62511.2,42181.0,20330.3,0.4296
0.15,19.0,64974.1,42936.3,22037.8,0.4613
0.15,20.0,67436.9,43691.6,23745.3,0.493
0.15,21.0,69673.1,44386.7,25286.5,0.5222
0.15,22.0,71909.4,45081.7,26827.7,0.5513
0.15,23.0,73935.4,45719.4,28216.1,0.5781
0.15,24.0,75961.5,46357.0,29604.5,0.605
0.15,25.0,77791.5,46940.1,30851.4,0.6296
0.15,26.0,79621.6,47523.3,32098.3,0.6542
0.15,27.0,81273.8,48055.5,33218.3,0.6768
0.15,28.0,82926.1,48587.8,34338.3,0.6994
0.15,29.0,84417.3,49073.0,35344.3,0.72
0.15,30.0,85908.4,49558.2,36350.2,0.7407
0.175,0.0,-7900.7,26461.2,-34361.8,-0.4667
0.175,1.0,-2913.9,27917.6,-30831.5,-0.4123
0.175,2.0,1964.6,29363.7,-27399.1,-0.3578
0.175,3.0,6709.3,30789.5,-24080.2,-0.3066
0.175,4.0,11323.2,32195.4,-20872.2,-0.2555
0.175,5.0,15814.2,33580.8,-17766.6,-0.2039
0.175,6.0,20145.3,34933.9,-14788.6,-0.1546
0.175,7.0,24330.8,36256.7,-11925.9,-0.1067
0.175,8.0,28369.3,37547.0,-9177.7,-0.0603
0.175,9.0,32256.8,38802.7,-6545.9,-0.0152
0.175,10.0,35994.6,40023.0,-4028.4,0.0283
0.175,11.0,39517.8,41118.4,-1600.7,0.0707
0.175,12.0,43029.3,42272.3,757.0,0.1121
0.175,13.0,46280.5,43222.0,3058.5,0.1519
0.175,14.0,49489.1,44447.3,5041.8,0.1883
0.175,15.0,52419.3,45584.6,6834.7,0.2211
0.175,16.0,55399.7,46469.6,8930.1,0.2586
0.175,17.0,58075.1,47524.3,10550.7,0.2895
0.175,18.0,60786.0,48343.2,12442.9,0.3239
0.175,19.0,63248.8,49098.5,14150.4,0.3556
0.175,20.0,65678.0,50070.9,15607.1,0.384
0.175,21.0,67914.3,50765.9,17148.3,0.4131
0.175,22.0,70121.5,51660.9,18460.6,0.4393
0.175,23.0,72123.1,52482.1,19641.0,0.4633
0.175,24.0,74149.1,53119.8,21029.4,0.4901
0.175,25.0,75979.2,53702.9,22276.3,0.5148
0.175,26.0,77789.4,54454.3,23335.1,0.5368
0.175,27.0,79441.7,54986.6,24455.1,0.5594
0.175,28.0,81076.4,55672.5,25403.9,0.5797
0.175,29.0,82552.2,56297.6,26254.6,0.5982
0.175,30.0,84043.3,56782.8,27260.5,0.6189
0.2,0.0,-9016.4,29825.1,-38841.5,-0.5278
0.2,1.0,-4083.2,31459.6,-35542.8,-0.4765
0.2,2.0,739.3,33081.1,-32341.8,-0.4257
0.2,3.0,5440.2,34683.2,-29242.9,-0.3767
0.2,4.0,10008.7,36261.7,-26253.0,-0.3284
0.2,5.0,14455.4,37817.0,-23361.6,-0.2798
0.2,6.0,18747.6,39337.0,-20589.4,-0.2333
0.2,7.0,22894.2,40822.5,-17928.3,-0.188
0.2,8.0,26896.2,42271.7,-15375.5,-0.1441
0.2,9.0,30749.8,43682.1,-12932.3,-0.1016
0.2,10.0,34455.7,45052.7,-10597.0,-0.0604
0.2,11.0,37944.1,46361.6,-8417.5,-0.0212
0.2,12.0,41432.6,47670.6,-6238.0,0.018
0.2,13.0,44641.1,48895.9,-4254.8,0.0544
0.2,14.0,47849.6,50121.1,-2271.5,0.0908
0.2,15.0,50779.8,51258.5,-478.6,0.1236
0.2,16.0,53710.0,52395.8,1314.3,0.1564
0.2,17.0,56385.4,53450.6,2934.9,0.1873
0.2,18.0,59060.8,54505.3,4555.5,0.2182
0.2,19.0,61490.0,55477.7,6012.2,0.2466
0.2,20.0,63919.1,56450.1,7469.0,0.275
0.2,21.0,66126.4,57345.1,8781.3,0.3011
0.2,22.0,68333.6,58240.0,10093.5,0.3272
0.2,23.0,70335.2,59061.3,11273.9,0.3513
0.2,24.0,72336.8,59882.5,12454.3,0.3753
0.2,25.0,74147.1,60633.9,13513.1,0.3974
0.2,26.0,75957.3,61385.3,14572.0,0.4195
0.2,27.0,77592.0,62071.2,15520.8,0.4397
0.2,28.0,79226.7,62757.1,16469.6,0.46
0.2,29.0,80702.4,63382.3,17320.2,0.4785
0.2,30.0,82178.2,64007.4,18170.8,0.497
0.225,0.0,-10128.7,33084.7,-43213.4,-0.5874
0.225,1.0,-5248.7,34890.8,-40139.6,-0.5392
0.225,2.0,-482.2,36680.9,-37163.1,-0.492
0.225,3.0,4173.8,38452.8,-34279.0,-0.4452
0.225,4.0,8696.8,40197.6,-31500.9,-0.3997
0.225,5.0,13087.6,41912.6,-28825.0,-0.3553
0.225,6.0,17351.5,43597.7,-26246.2,-0.3102
0.225,7.0,21458.9,45240.1,-23781.3,-0.2675
0.225,8.0,25424.0,46842.8,-21418.7,-0.2261
0.225,9.0,29243.5,48402.6,-19159.1,-0.1859
0.225,10.0,32917.1,49918.2,-17001.2,-0.147
0.225,11.0,36369.6,51353.5,-14983.8,-0.11
0.225,12.0,39834.2,52734.1,-12899.9,-0.0721
0.225,13.0,43042.8,53959.4,-10916.6,-0.0357
0.225,14.0,46199.1,55440.5,-9241.5,-0.0033
0.225,15.0,49129.3,56577.9,-7448.6,0.0295
0.225,16.0,52015.0,57953.8,-5938.8,0.0587
0.225,17.0,54690.4,59008.5,-4318.2,0.0896
0.225,18.0,57329.9,60285.3,-2955.4,0.1172
0.225,19.0,59724.7,61461.6,-1736.9,0.1424
0.225,20.0,62153.8,62434.0,-280.2,0.1707
0.225,21.0,64330.3,63516.4,813.9,0.194
0.225,22.0,66537.5,64411.3,2126.2,0.2201
0.225,23.0,68539.2,65232.6,3306.6,0.2441
0.225,24.0,70514.7,66226.2,4288.5,0.2655
0.225,25.0,72303.5,67135.7,5167.8,0.2851
0.225,26.0,74113.7,67887.1,6226.6,0.3072
0.225,27.0,75729.8,68717.5,7012.3,0.3253
0.225,28.0,77364.5,69403.4,7961.1,0.3455
0.225,29.0,78823.7,70160.3,8663.4,0.362
0.225,30.0,80299.4,70785.4,9514.0,0.3806
0.25,0.0,-11237.3,36249.6,-47486.9,-0.6458
0.25,1.0,-6410.9,38221.4,-44632.2,-0.6005
0.25,2.0,-1700.4,40173.5,-41873.8,-0.5568
0.25,3.0,2910.8,42109.7,-39198.9,-0.5123
0.25,4.0,7387.5,44015.0,-36627.5,-0.4695
0.25,5.0,11733.7,45887.7,-34154.1,-0.4277
0.25,6.0,15956.8,47728.6,-31771.8,-0.3854
0.25,7.0,20025.5,49522.8,-29497.4,-0.3452
0.25,8.0,23952.9,51273.6,-27320.8,-0.3062
0.25,9.0,27737.9,52978.1,-25240.2,-0.2684
0.25,10.0,31378.9,54634.2,-23255.2,-0.2318
0.25,11.0,34807.4,56215.9,-21408.5,-0.197
0.25,12.0,38235.9,57797.6,-19561.7,-0.1622
0.25,13.0,41392.2,59278.8,-17886.6,-0.1298
0.25,14.0,44548.5,60759.9,-16211.4,-0.0974
0.25,15.0,47434.2,62135.8,-14701.6,-0.0682
0.25,16.0,50320.0,63511.7,-13191.8,-0.039
0.25,17.0,52959.5,64788.5,-11829.0,-0.0115
0.25,18.0,55599.0,66065.3,-10466.3,0.0161
0.25,19.0,57993.8,67241.6,-9247.8,0.0413
0.25,20.0,60388.5,68417.8,-8029.3,0.0665
0.25,21.0,62565.0,69500.2,-6935.2,0.0897
0.25,22.0,64741.5,70582.6,-5841.1,0.113
0.25,23.0,66717.0,71576.2,-4859.2,0.1343
0.25,24.0,68692.6,72569.8,-3877.3,0.1557
0.25,25.0,70481.4,73479.4,-2998.0,0.1753
0.25,26.0,72270.2,74388.9,-2118.7,0.195
0.25,27.0,73886.2,75219.3,-1333.1,0.213
0.25,28.0,75502.2,76049.7,-547.5,0.231
0.25,29.0,76961.4,76806.5,154.9,0.2476
0.25,30.0,78420.6,77563.4,857.3,0.2641
0.275,0.0,-12341.4,39313.7,-51655.1,-0.7027
0.275,1.0,-7569.2,41444.3,-49013.6,-0.6603
0.275,2.0,-2903.8,43556.5,-46460.3,-0.6186
0.275,3.0,1657.9,45649.1,-43991.2,-0.5768
0.275,4.0,6081.2,47705.7,-41624.4,-0.5376
0.275,5.0,10382.3,49730.1,-39347.8,-0.4984
0.275,6.0,14562.9,51720.2,-37157.4,-0.4588
0.275,7.0,18593.8,53661.4,-35067.6,-0.4211
0.275,8.0,22483.5,55554.6,-33071.2,-0.3845
0.275,9.0,26233.4,57398.6,-31165.2,-0.349
0.275,10.0,29841.1,59190.0,-29348.9,-0.3146
0.275,11.0,33245.5,60836.9,-27591.3,-0.281
0.275,12.0,36637.8,62534.7,-25896.9,-0.2482
0.275,13.0,39739.6,64254.3,-24514.7,-0.2197
0.275,14.0,42895.9,65735.5,-22839.5,-0.1873
0.275,15.0,45742.0,67337.6,-21595.6,-0.1609
0.275,16.0,48627.8,68713.5,-20085.7,-0.1317
0.275,17.0,51267.3,69990.2,-18723.0,-0.1041
0.275,18.0,53862.5,71471.6,-17609.1,-0.0805
0.275,19.0,56222.5,72839.0,-16616.5,-0.0583
0.275,20.0,58617.2,74015.3,-15398.0,-0.0331
0.275,21.0,60762.8,75273.4,-14510.6,-0.0126
0.275,22.0,62939.3,76355.8,-13416.5,0.0106
0.275,23.0,64887.3,77510.7,-12623.4,0.0295
0.275,24.0,66862.8,78504.3,-11641.5,0.0508
0.275,25.0,68651.6,79413.8,-10762.2,0.0705
0.275,26.0,70416.9,80471.3,-10054.3,0.0878
0.275,27.0,72013.1,81437.1,-9424.0,0.1037
0.275,28.0,73629.1,82267.5,-8638.4,0.1217
0.275,29.0,75088.3,83024.4,-7936.0,0.1382
0.275,30.0,76530.5,83904.9,-7374.5,0.1528
0.3,0.0,-13441.0,42286.5,-55727.5,-0.7584
0.3,1.0,-8723.8,44569.3,-53293.1,-0.7189
0.3,2.0,-4109.9,46833.5,-50943.4,-0.6799
0.3,3.0,396.9,49074.1,-48677.2,-0.6415
0.3,4.0,4778.2,51281.3,-46503.1,-0.6042
0.3,5.0,9033.7,53451.8,-44418.1,-0.5675
0.3,6.0,13160.8,55580.7,-42419.9,-0.5319
0.3,7.0,17163.5,57668.3,-40504.8,-0.4954
0.3,8.0,21015.9,59699.3,-38683.4,-0.4611
0.3,9.0,24729.8,61677.5,-36947.7,-0.4278
0.3,10.0,28304.4,63599.8,-35295.4,-0.3956
0.3,11.0,31672.0,65435.8,-33763.8,-0.3649
0.3,12.0,35039.6,67271.8,-32232.1,-0.3343
0.3,13.0,38141.5,68991.4,-30849.9,-0.3058
0.3,14.0,41243.4,70711.0,-29467.6,-0.2772
0.3,15.0,44089.5,72313.1,-28223.7,-0.2508
0.3,16.0,46935.5,73915.2,-26979.7,-0.2243
0.3,17.0,49530.8,75396.5,-25865.8,-0.2007
0.3,18.0,52126.0,76877.8,-24751.8,-0.1771
0.3,19.0,54486.0,78245.3,-23759.3,-0.1548
0.3,20.0,56846.0,79612.7,-22766.8,-0.1326
0.3,21.0,58991.6,80870.9,-21879.3,-0.1122
0.3,22.0,61137.2,82129.0,-20991.9,-0.0917
0.3,23.0,63085.1,83283.9,-20198.8,-0.0729
0.3,24.0,65033.0,84438.7,-19405.7,-0.054
0.3,25.0,66798.4,85496.2,-18697.8,-0.0367
0.3,26.0,68563.7,86553.6,-17989.9,-0.0194
0.3,27.0,70159.9,87519.5,-17359.6,-0.0035
0.3,28.0,71756.0,88485.4,-16729.3,0.0124
0.3,29.0,73198.2,89365.9,-16167.8,0.027
0.3,30.0,74640.3,90246.5,-15606.2,0.0416
0.325,0.0,-14541.2,45189.7,-59731.0,-0.813
0.325,1.0,-9880.1,47618.8,-57498.9,-0.7763
0.325,2.0,-5317.7,50029.9,-55347.7,-0.74
0.325,3.0,-866.8,52412.7,-53279.5,-0.7049
0.325,4.0,3472.4,54765.7,-51293.3,-0.6695
0.325,5.0,7681.4,57076.9,-49395.5,-0.6354
0.325,6.0,11765.1,59344.5,-47579.4,-0.6021
0.325,7.0,15727.5,61568.8,-45841.3,-0.5682
0.325,8.0,19542.5,63733.4,-44190.9,-0.5362
0.325,9.0,23219.8,65841.1,-42621.4,-0.5051
0.325,10.0,26760.8,67890.5,-41129.7,-0.4751
0.325,11.0,30103.7,69785.9,-39682.2,-0.4456
0.325,12.0,33434.0,71728.9,-38294.9,-0.4168
0.325,13.0,36535.9,73448.6,-36912.6,-0.3883
0.325,14.0,39581.1,75390.8,-35809.7,-0.3635
0.325,15.0,42377.8,77201.2,-34823.4,-0.3404
0.325,16.0,45223.9,78803.3,-33579.4,-0.314
0.325,17.0,47819.2,80284.6,-32465.5,-0.2903
0.325,18.0,50379.1,81964.3,-31585.2,-0.269
0.325,19.0,52698.5,83508.0,-30809.4,-0.2504
0.325,20.0,55058.5,84875.4,-29816.9,-0.2281
0.325,21.0,57204.1,86133.6,-28929.5,-0.2077
0.325,22.0,59318.3,87557.4,-28239.1,-0.1899
0.325,23.0,61266.3,88712.3,-27446.0,-0.171
0.325,24.0,63185.8,90018.8,-26833.0,-0.1546
0.325,25.0,64926.4,91215.2,-26288.8,-0.1395
0.325,26.0,66691.8,92272.7,-25580.9,-0.1222
0.325,27.0,68287.9,93238.5,-24950.6,-0.1063
0.325,28.0,69863.0,94331.7,-24468.6,-0.0924
0.325,29.0,71286.3,95328.4,-24042.1,-0.0797
0.325,30.0,72728.4,96208.9,-23480.5,-0.0651
0.35,0.0,-15636.8,48004.4,-63641.2,-0.8664
0.35,1.0,-11032.0,50573.6,-61605.6,-0.8324
0.35,2.0,-6522.1,53125.5,-59647.5,-0.7988
0.35,3.0,-2126.5,55644.8,-57771.2,-0.7668
0.35,4.0,2178.1,58142.6,-55964.4,-0.7323
0.35,5.0,6332.4,60584.5,-54252.1,-0.7017
0.35,6.0,10372.5,62985.5,-52613.0,-0.6708
0.35,7.0,14292.4,65340.5,-51048.1,-0.6393
0.35,8.0,18070.6,67634.2,-49563.7,-0.6096
0.35,9.0,21711.7,69867.0,-48155.3,-0.5807
0.35,10.0,25217.7,72038.0,-46820.3,-0.5527
0.35,11.0,28523.1,74112.1,-45589.0,-0.5261
0.35,12.0,31828.5,76186.1,-44357.6,-0.4994
0.35,13.0,34873.6,78128.3,-43254.7,-0.4745
0.35,14.0,37918.8,80070.5,-42151.7,-0.4497
0.35,15.0,40715.5,81881.0,-41165.4,-0.4267
0.35,16.0,43512.3,83691.5,-40179.1,-0.4036
0.35,17.0,46072.3,85371.1,-39298.8,-0.3823
0.35,18.0,48632.3,87050.7,-38418.5,-0.361
0.35,19.0,50951.7,88594.4,-37642.8,-0.3423
0.35,20.0,53271.1,90138.1,-36867.0,-0.3237
0.35,21.0,55385.3,91562.0,-36176.7,-0.3058
0.35,22.0,57499.5,92985.8,-35486.3,-0.288
0.35,23.0,59419.1,94292.3,-34873.2,-0.2716
0.35,24.0,61338.6,95598.8,-34260.2,-0.2552
0.35,25.0,63079.2,96795.3,-33716.0,-0.2401
0.35,26.0,64819.8,97991.7,-33171.9,-0.225
0.35,27.0,66394.9,99084.9,-32689.9,-0.2112
0.35,28.0,67970.0,100178.0,-32207.9,-0.1973
0.35,29.0,69393.3,101174.7,-31781.4,-0.1846
0.35,30.0,70816.6,102171.4,-31354.8,-0.1718
0.375,0.0,-16727.1,50724.9,-67452.0,-0.9185
0.375,1.0,-12178.8,53427.8,-65606.5,-0.887
0.375,2.0,-7721.8,56113.5,-63835.3,-0.856
0.375,3.0,-3369.4,58770.4,-62139.8,-0.8256
0.375,4.0,874.9,61393.0,-60518.1,-0.7953
0.375,5.0,4987.2,63967.0,-58979.7,-0.7663
0.375,6.0,8983.5,66495.5,-57512.1,-0.7377
0.375,7.0,12850.9,68969.7,-56118.7,-0.7099
0.375,8.0,16600.5,71392.6,-54792.1,-0.6812
0.375,9.0,20206.3,73745.9,-53539.6,-0.6544
0.375,10.0,23677.0,76033.3,-52356.3,-0.6285
0.375,11.0,26957.3,78160.7,-51203.5,-0.6029
0.375,12.0,30224.7,80332.2,-50107.5,-0.5781
0.375,13.0,33269.9,82274.4,-49004.5,-0.5532
0.375,14.0,36258.0,84423.1,-48165.1,-0.5319
0.375,15.0,39003.8,86426.2,-47422.4,-0.5121
0.375,16.0,41800.6,88236.6,-46436.1,-0.4891
0.375,17.0,44360.6,89916.3,-45555.7,-0.4677
0.375,18.0,46875.6,91775.5,-44899.9,-0.4494
0.375,19.0,49195.1,93319.2,-44124.2,-0.4308
0.375,20.0,51486.3,95035.6,-43549.2,-0.4139
0.375,21.0,53560.5,96608.5,-43048.0,-0.3994
0.375,22.0,55674.8,98032.4,-42357.6,-0.3816
0.375,23.0,57594.3,99338.9,-41744.6,-0.3652
0.375,24.0,59485.1,100787.2,-41302.2,-0.3511
0.375,25.0,61200.4,102113.5,-40913.1,-0.3381
0.375,26.0,62941.0,103309.9,-40369.0,-0.323
0.375,27.0,64516.1,104403.1,-39887.0,-0.3091
0.375,28.0,66069.2,105614.7,-39545.5,-0.2972
0.375,29.0,67492.4,106611.4,-39118.9,-0.2845
0.375,30.0,68896.5,107716.5,-38820.0,-0.2735
0.4,0.0,-17812.3,53360.2,-71172.5,-0.9692
0.4,1.0,-13320.5,56190.9,-69511.4,-0.9404
0.4,2.0,-8917.0,59004.4,-67921.3,-0.9119
0.4,3.0,-4615.5,61789.2,-66404.7,-0.884
0.4,4.0,-424.2,64534.9,-64959.1,-0.8567
0.4,5.0,3646.3,67235.9,-63589.6,-0.8295
0.4,6.0,7597.9,69886.5,-62288.6,-0.8031
0.4,7.0,11423.3,72480.6,-61057.4,-0.7774
0.4,8.0,15133.2,75021.6,-59888.4,-0.7511
0.4,9.0,18702.5,77490.7,-58788.2,-0.7264
0.4,10.0,22138.6,79890.3,-57751.8,-0.7024
0.4,11.0,25379.8,82184.3,-56804.5,-0.6796
0.4,12.0,28620.9,84478.3,-55857.3,-0.6567
0.4,13.0,31609.1,86627.0,-55017.9,-0.6354
0.4,14.0,34597.2,88775.8,-54178.5,-0.6141
0.4,15.0,37343.0,90778.8,-53435.8,-0.5943
0.4,16.0,40088.8,92781.8,-52693.0,-0.5745
0.4,17.0,42603.9,94641.1,-52037.2,-0.5562
0.4,18.0,45119.0,96500.4,-51381.3,-0.5378
0.4,19.0,47410.3,98216.7,-50806.4,-0.521
0.4,20.0,49701.6,99933.0,-50231.4,-0.5042
0.4,21.0,51775.8,101506.0,-49730.2,-0.4897
0.4,22.0,53850.0,103078.9,-49228.9,-0.4751
0.4,23.0,55740.8,104527.3,-48786.5,-0.461
0.4,24.0,57631.5,105975.7,-48344.1,-0.4469
0.4,25.0,59346.8,107301.9,-47955.1,-0.434
0.4,26.0,61062.1,108628.2,-47566.0,-0.421
0.4,27.0,62615.2,109839.8,-47224.5,-0.409
0.4,28.0,64168.3,111051.4,-46883.1,-0.3971
0.4,29.0,65572.4,112156.5,-46584.1,-0.3861
0.4,30.0,66976.5,113261.6,-46285.1,-0.3752
0.425,0.0,-18891.7,55905.0,-74796.7,-1.0187
0.425,1.0,-14456.9,58857.0,-73313.9,-0.9924
0.425,2.0,-10107.0,61791.9,-71898.9,-0.9664
0.425,3.0,-5857.4,64697.8,-70555.3,-0.9408
0.425,4.0,-1718.7,67561.4,-69280.1,-0.9165
0.425,5.0,2313.3,70386.1,-68072.8,-0.8905
0.425,6.0,6215.9,73150.5,-66934.6,-0.8668
0.425,7.0,9999.5,75859.4,-65859.9,-0.8433
0.425,8.0,13657.9,78505.3,-64847.5,-0.8204
0.425,9.0,17200.8,81092.1,-63891.3,-0.7965
0.425,10.0,20602.7,83599.7,-62997.0,-0.7745
0.425,11.0,23818.2,85940.6,-62122.4,-0.7527
0.425,12.0,27020.6,88321.8,-61301.2,-0.7316
0.425,13.0,29950.7,90660.9,-60710.3,-0.7136
0.425,14.0,32938.8,92809.7,-59870.9,-0.6923
0.425,15.0,35684.6,94812.7,-59128.1,-0.6725
0.425,16.0,38378.4,96993.6,-58615.2,-0.6558
0.425,17.0,40847.0,99018.0,-58171.0,-0.6403
0.425,18.0,43362.1,100877.3,-57515.2,-0.622
0.425,19.0,45616.0,102748.6,-57132.6,-0.6078
0.425,20.0,47907.3,104464.9,-56557.6,-0.591
0.425,21.0,49981.5,106037.9,-56056.4,-0.5764
0.425,22.0,52028.3,107758.8,-55730.4,-0.5634
0.425,23.0,53881.8,109332.8,-55451.0,-0.5522
0.425,24.0,55772.6,110781.2,-55008.6,-0.5381
0.425,25.0,57487.9,112107.4,-54619.5,-0.5252
0.425,26.0,59177.1,113554.5,-54377.4,-0.5142
0.425,27.0,60707.7,114877.0,-54169.3,-0.5041
0.425,28.0,62260.8,116088.6,-53827.8,-0.4922
0.425,29.0,63664.9,117193.7,-53528.8,-0.4812
0.425,30.0,65048.8,118399.4,-53350.5,-0.4719
0.45,0.0,-19965.6,58367.9,-78333.5,-1.067
0.45,1.0,-15587.8,61435.4,-77023.2,-1.0431
0.45,2.0,-11291.7,64486.2,-75777.9,-1.0195
0.45,3.0,-7094.5,67507.1,-74601.7,-0.9963
0.45,4.0,-2998.6,70490.1,-73488.7,-0.9735
0.45,5.0,980.8,73423.8,-72443.0,-0.9506
0.45,6.0,4838.1,76299.6,-71461.5,-0.929
0.45,7.0,8579.4,79118.0,-70538.6,-0.9075
0.45,8.0,12197.1,81871.1,-69674.0,-0.8866
0.45,9.0,15702.0,84563.4,-68861.4,-0.8649
0.45,10.0,19069.2,87174.6,-68105.4,-0.8449
0.45,11.0,22244.7,89670.0,-67425.2,-0.8256
0.45,12.0,25420.3,92165.3,-66745.1,-0.8064
0.45,13.0,28350.3,94504.5,-66154.1,-0.7885
0.45,14.0,31280.4,96843.6,-65563.2,-0.7705
0.45,15.0,33974.2,99024.4,-65050.3,-0.7538
0.45,16.0,36667.9,101205.3,-64537.4,-0.7371
0.45,17.0,39136.6,103229.8,-64093.2,-0.7216
0.45,18.0,41605.2,105254.2,-63649.0,-0.7062
0.45,19.0,43859.1,107125.5,-63266.4,-0.6919
0.45,20.0,46113.0,108996.8,-62883.8,-0.6777
0.45,21.0,48159.9,110717.7,-62557.9,-0.6647
0.45,22.0,50206.7,112438.6,-62231.9,-0.6517
0.45,23.0,52060.2,114012.7,-61952.5,-0.6405
0.45,24.0,53913.7,115586.7,-61673.1,-0.6294
0.45,25.0,55602.9,117033.8,-61430.9,-0.6184
0.45,26.0,57292.1,118480.9,-61188.8,-0.6075
0.45,27.0,58822.7,119803.4,-60980.6,-0.5974
0.45,28.0,60353.4,121125.9,-60772.5,-0.5873
0.45,29.0,61737.3,122331.5,-60594.2,-0.578
0.45,30.0,63121.2,123537.1,-60415.9,-0.5687
0.475,0.0,-21033.5,60743.7,-81777.2,-1.1139
0.475,1.0,-16712.8,63920.6,-80633.4,-1.0925
0.475,2.0,-12470.8,67081.3,-79552.1,-1.0712
0.475,3.0,-8326.2,70211.0,-78537.2,-1.0503
0.475,4.0,-4279.5,73303.3,-77582.9,-1.0297
0.475,5.0,-351.2,76341.5,-76692.7,-1.0096
0.475,6.0,3465.2,79326.2,-75861.0,-0.9895
0.475,7.0,7163.4,82248.5,-75085.1,-0.9701
0.475,8.0,10740.3,85103.8,-74363.5,-0.9511
0.475,9.0,14200.9,87891.9,-73691.0,-0.9321
0.475,10.0,17538.0,90605.7,-73067.7,-0.9133
0.475,11.0,20688.1,93142.2,-72454.2,-0.8951
0.475,12.0,23825.2,95715.8,-71890.7,-0.8775
0.475,13.0,26755.2,98054.9,-71299.7,-0.8596
0.475,14.0,29625.2,100567.6,-70942.4,-0.8448
0.475,15.0,32266.4,102911.8,-70645.4,-0.8311
0.475,16.0,34960.2,105092.7,-70132.4,-0.8144
0.475,17.0,37428.9,107117.1,-69688.3,-0.7989
0.475,18.0,39849.8,109293.3,-69443.5,-0.7861
0.475,19.0,42103.7,111164.6,-69060.9,-0.7719
0.475,20.0,44318.3,113177.9,-68859.6,-0.7601
0.475,21.0,46365.1,114898.7,-68533.6,-0.7471
0.475,22.0,48375.6,116750.2,-68374.7,-0.7364
0.475,23.0,50205.3,118451.5,-68246.2,-0.7265
0.475,24.0,52058.8,120025.6,-67966.8,-0.7153
0.475,25.0,53713.1,121577.7,-67864.7,-0.707
0.475,26.0,55402.3,123024.8,-67622.5,-0.6961
0.475,27.0,56932.9,124347.3,-67414.4,-0.686
0.475,28.0,58439.7,125772.0,-67332.3,-0.6776
0.475,29.0,59803.7,127071.8,-67268.1,-0.67
0.475,30.0,61187.6,128277.5,-67089.9,-0.6607
0.5,0.0,-22096.0,63040.7,-85136.8,-1.1597
0.5,1.0,-17831.8,66321.8,-84153.6,-1.1406
0.5,2.0,-13644.9,69586.3,-83231.2,-1.1217
0.5,3.0,-9552.5,72819.6,-82372.1,-1.1029
0.5,4.0,-5556.4,76014.9,-81571.2,-1.0845
0.5,5.0,-1677.8,79153.5,-80831.3,-1.0671
0.5,6.0,2104.1,82247.3,-80143.2,-1.0476
0.5,7.0,5751.9,85263.2,-79511.3,-1.0311
0.5,8.0,9287.7,88215.7,-78928.0,-1.0141
0.5,9.0,12704.0,91095.2,-78391.2,-0.9975
0.5,10.0,16009.7,93906.2,-77896.5,-0.9801
0.5,11.0,19119.9,96586.3,-77466.4,-0.9644
0.5,12.0,22230.0,99266.3,-77036.3,-0.9486
0.5,13.0,25100.0,101778.9,-76678.9,-0.9339
0.5,14.0,27970.0,104291.6,-76321.6,-0.9191
0.5,15.0,30611.2,106635.8,-76024.6,-0.9054
0.5,16.0,33252.5,108980.0,-75727.5,-0.8916
0.5,17.0,35673.5,111156.2,-75482.7,-0.8789
0.5,18.0,38094.4,113332.4,-75238.0,-0.8661
0.5,19.0,40309.0,115345.6,-75036.7,-0.8543
0.5,20.0,42523.5,117358.9,-74835.4,-0.8425
0.5,21.0,44534.0,119210.4,-74676.4,-0.8318
0.5,22.0,46544.5,121061.9,-74517.4,-0.8211
0.5,23.0,48374.2,122763.2,-74389.0,-0.8112
0.5,24.0,50204.0,124464.5,-74260.5,-0.8013
0.5,25.0,51858.2,126016.6,-74158.4,-0.793
0.5,26.0,53512.4,127568.8,-74056.3,-0.7847
0.5,27.0,55019.2,128993.4,-73974.2,-0.7763
0.5,28.0,56526.0,130418.1,-73892.1,-0.768
0.5,29.0,57890.0,131717.9,-73827.9,-0.7603
0.5,30.0,59254.0,133017.8,-73763.8,-0.7526
0.525,0.0,-23153.8,65217.0,-88370.8,-1.2039
0.525,1.0,-18921.6,68278.1,-87199.7,-1.1822
0.525,2.0,-14814.9,71953.7,-86768.6,-1.1704
0.525,3.0,-10751.8,74922.7,-85674.6,-1.1484
0.525,4.0,-6830.9,78572.0,-85403.0,-1.1376
0.525,5.0,-2977.9,81402.9,-84380.8,-1.1163
0.525,6.0,731.7,84989.2,-84257.5,-1.1053
0.525,7.0,4359.3,87656.1,-83296.8,-1.0839
0.525,8.0,7834.1,91142.8,-83308.6,-1.075
0.525,9.0,11227.7,93628.1,-82400.4,-1.0536
0.525,10.0,14473.5,97003.6,-82530.1,-1.0452
0.525,11.0,17521.8,99855.9,-82334.1,-1.0324
0.525,12.0,20631.9,102535.9,-81904.0,-1.0167
0.525,13.0,23501.9,105048.5,-81546.7,-1.0019
0.525,14.0,26310.0,107718.6,-81408.5,-0.9902
0.525,15.0,28951.3,110062.8,-81111.5,-0.9765
0.525,16.0,31537.6,112555.7,-81018.1,-0.9656
0.525,17.0,33910.5,114871.4,-80960.9,-0.9555
0.525,18.0,36331.4,117047.5,-80716.1,-0.9427
0.525,19.0,38546.0,119060.8,-80514.8,-0.9309
0.525,20.0,40716.9,121203.1,-80486.3,-0.9215
0.525,21.0,42727.3,123054.6,-80327.3,-0.9108
0.525,22.0,44702.3,125026.8,-80324.5,-0.9022
0.525,23.0,46532.1,126728.1,-80196.0,-0.8923
0.525,24.0,48328.2,128540.1,-80211.9,-0.8845
0.525,25.0,49982.5,130092.2,-80109.8,-0.8762
0.525,26.0,51614.9,131753.5,-80138.5,-0.8689
0.525,27.0,53089.3,133265.8,-80176.5,-0.8629
0.525,28.0,54596.1,134690.4,-80094.4,-0.8546
0.525,29.0,55960.1,135990.3,-80030.2,-0.8469
0.525,30.0,57302.2,137376.6,-80074.4,-0.8408
0.55,0.0,-24211.5,67393.3,-91604.8,-1.2481
0.55,1.0,-20011.4,70234.4,-90245.7,-1.2239
0.55,2.0,-15985.0,74321.2,-90306.1,-1.2191
0.55,3.0,-11951.2,77025.9,-88977.1,-1.194
0.55,4.0,-8105.5,81129.2,-89234.7,-1.1906
0.55,5.0,-4278.0,83652.3,-87930.3,-1.1655
0.55,6.0,-640.8,87731.0,-88371.8,-1.163
0.55,7.0,2966.8,90049.0,-87082.2,-1.1367
0.55,8.0,6380.6,94069.8,-87689.2,-1.1359
0.55,9.0,9751.5,96161.1,-86409.5,-1.1097
0.55,10.0,12937.3,100101.0,-87163.6,-1.1104
0.55,11.0,15985.6,102953.2,-86967.7,-1.0975
0.55,12.0,19033.8,105805.5,-86771.7,-1.0847
0.55,13.0,21842.0,108475.5,-86633.5,-1.073
0.55,14.0,24650.1,111145.5,-86495.4,-1.0614
0.55,15.0,27236.4,113638.5,-86402.1,-1.0505
0.55,16.0,29822.7,116131.5,-86308.7,-1.0396
0.55,17.0,32195.6,118447.1,-86251.5,-1.0294
0.55,18.0,34568.4,120762.7,-86194.3,-1.0193
0.55,19.0,36739.3,122905.0,-86165.8,-1.0099
0.55,20.0,38910.2,125047.4,-86137.2,-1.0005
0.55,21.0,40885.2,127019.6,-86134.4,-0.992
0.55,22.0,42860.2,128991.7,-86131.5,-0.9834
0.55,23.0,44656.4,130803.7,-86147.4,-0.9755
0.55,24.0,46452.5,132615.7,-86163.2,-0.9676
0.55,25.0,48085.0,134276.9,-86192.0,-0.9604
0.55,26.0,49717.4,135938.2,-86220.7,-0.9531
0.55,27.0,51191.8,137450.5,-86258.7,-0.9471
0.55,28.0,52666.1,138962.8,-86296.7,-0.9412
0.55,29.0,54008.3,140349.1,-86340.8,-0.9351
0.55,30.0,55350.4,141735.4,-86385.0,-0.9289
0.575,0.0,-25255.8,69415.7,-94671.5,-1.29
0.575,1.0,-21101.2,72190.6,-93291.8,-1.2655
0.575,2.0,-17142.1,76512.5,-93654.6,-1.2652
0.575,3.0,-13150.6,79129.0,-92279.6,-1.2395
0.575,4.0,-9367.3,83488.5,-92855.8,-1.2407
0.575,5.0,-5578.0,85901.7,-91479.7,-1.2147
0.575,6.0,-1996.3,90257.8,-92254.2,-1.2169
0.575,7.0,1574.2,92441.9,-90867.7,-1.1895
0.575,8.0,4937.5,96757.9,-91820.4,-1.1936
0.575,9.0,8275.3,98694.0,-90418.7,-1.1658
0.575,10.0,11415.5,102944.6,-91529.2,-1.1714
0.575,11.0,14463.7,105796.9,-91333.2,-1.1586
0.575,12.0,17441.6,108798.4,-91356.7,-1.1491
0.575,13.0,20189.1,111611.3,-91422.2,-1.1404
0.575,14.0,22997.3,114281.3,-91284.1,-1.1287
0.575,15.0,25526.6,116907.1,-91380.5,-1.1205
0.575,16.0,28112.9,119400.1,-91287.2,-1.1096
0.575,17.0,30485.7,121715.7,-91230.0,-1.0995
0.575,18.0,32809.3,124157.2,-91347.9,-1.0918
0.575,19.0,34935.9,126416.8,-91480.9,-1.0847
0.575,20.0,37106.8,128559.2,-91452.4,-1.0753
0.575,21.0,39045.9,130641.7,-91595.7,-1.0688
0.575,22.0,41020.9,132613.8,-91592.9,-1.0602
0.575,23.0,42781.5,134525.3,-91743.8,-1.0543
0.575,24.0,44577.6,136337.3,-91759.6,-1.0464
0.575,25.0,46210.1,137998.5,-91788.4,-1.0391
0.575,26.0,47812.0,139752.3,-91940.3,-1.0336
0.575,27.0,49286.4,141264.7,-91978.3,-1.0277
0.575,28.0,50741.3,142869.8,-92128.5,-1.0226
0.575,29.0,52053.4,144328.2,-92274.8,-1.0186
0.575,30.0,53395.6,145714.5,-92318.9,-1.0124
0.6,0.0,-26300.1,71438.2,-97738.3,-1.3318
0.6,1.0,-22191.0,74146.9,-96337.9,-1.3071
0.6,2.0,-18299.2,78703.9,-97003.1,-1.3113
0.6,3.0,-14349.9,81232.2,-95582.1,-1.285
0.6,4.0,-10629.1,85847.8,-96476.8,-1.2908
0.6,5.0,-6878.1,88151.1,-95029.2,-1.2638
0.6,6.0,-3351.9,92784.7,-96136.6,-1.2708
0.6,7.0,181.7,94834.8,-94653.1,-1.2423
0.6,8.0,3494.5,99446.0,-95951.6,-1.2512
0.6,9.0,6799.1,101226.9,-94427.9,-1.2219
0.6,10.0,9893.6,105788.3,-95894.7,-1.2324
0.6,11.0,12871.5,108789.8,-95918.2,-1.2229
0.6,12.0,15849.4,111791.2,-95941.8,-1.2134
0.6,13.0,18596.9,114604.2,-96007.2,-1.2047
0.6,14.0,21344.4,117417.1,-96072.7,-1.196
0.6,15.0,23873.7,120042.9,-96169.2,-1.1878
0.6,16.0,26403.0,122668.7,-96265.7,-1.1797
0.6,17.0,28726.6,125110.2,-96383.6,-1.172
0.6,18.0,31050.2,127551.7,-96501.5,-1.1644
0.6,19.0,33176.8,129811.3,-96634.5,-1.1573
0.6,20.0,35303.4,132070.9,-96767.5,-1.1502
0.6,21.0,37242.5,134153.4,-96910.9,-1.1436
0.6,22.0,39181.7,136235.9,-97054.3,-1.1371
0.6,23.0,40942.2,138147.4,-97205.1,-1.1311
0.6,24.0,42702.8,140058.8,-97356.0,-1.1252
0.6,25.0,44304.7,141812.7,-97507.9,-1.1197
0.6,26.0,45906.6,143566.5,-97659.9,-1.1141
0.6,27.0,47361.5,145171.7,-97810.1,-1.109
0.6,28.0,48816.4,146776.8,-97960.4,-1.1039
0.6,29.0,50128.6,148235.2,-98106.6,-1.0999
0.6,30.0,51440.7,149693.6,-98252.8,-1.0959
0.625,0.0,-27333.0,73311.8,-100644.8,-1.3718
0.625,1.0,-23280.8,76103.2,-99384.0,-1.3488
0.625,2.0,-19442.1,80727.3,-100169.4,-1.3549
0.625,3.0,-15549.3,83335.3,-98884.6,-1.3305
0.625,4.0,-11877.2,88017.7,-99894.9,-1.3382
0.625,5.0,-8178.2,90400.5,-98578.7,-1.313
0.625,6.0,-4696.1,95099.9,-99796.0,-1.3218
0.625,7.0,-1210.9,97227.7,-98438.6,-1.2951
0.625,8.0,2063.6,101905.1,-99841.5,-1.3055
0.625,9.0,5322.9,103759.9,-98437.0,-1.278
0.625,10.0,8382.2,108384.0,-100001.8,-1.2901
0.625,11.0,11360.1,111385.4,-100025.3,-1.2805
0.625,12.0,14261.9,114514.1,-100252.2,-1.2747
0.625,13.0,17009.4,117327.0,-100317.6,-1.266
0.625,14.0,19698.3,120270.8,-100572.5,-1.2596
0.625,15.0,22227.6,122896.6,-100669.0,-1.2514
0.625,16.0,24700.6,125641.7,-100941.0,-1.2458
0.625,17.0,26972.9,128194.6,-101221.7,-1.2406
0.625,18.0,29296.4,130636.1,-101339.6,-1.2329
0.625,19.0,31377.9,133000.6,-101622.6,-1.228
0.625,20.0,33504.6,135260.2,-101755.7,-1.2209
0.625,21.0,35443.7,137342.7,-101899.0,-1.2143
0.625,22.0,37345.7,139524.8,-102179.1,-1.2097
0.625,23.0,39106.3,141436.3,-102330.0,-1.2038
0.625,24.0,40831.3,143438.0,-102606.7,-1.1996
0.625,25.0,42401.5,145274.8,-102873.4,-1.1958
0.625,26.0,44003.4,147028.7,-103025.3,-1.1903
0.625,27.0,45430.0,148710.4,-103280.4,-1.1867
0.625,28.0,46884.9,150315.6,-103430.7,-1.1815
0.625,29.0,48197.0,151773.9,-103576.9,-1.1775
0.625,30.0,49491.9,153310.8,-103818.9,-1.1742
0.65,0.0,-28365.9,75185.3,-103551.2,-1.4117
0.65,1.0,-24370.6,78059.4,-102430.1,-1.3904
0.65,2.0,-20585.0,82750.6,-103335.6,-1.3984
0.65,3.0,-16748.6,85438.4,-102187.0,-1.376
0.65,4.0,-13125.3,90187.5,-103312.9,-1.3855
0.65,5.0,-9478.2,92649.9,-102128.1,-1.3622
0.65,6.0,-6040.4,97415.1,-103455.5,-1.3728
0.65,7.0,-2603.4,99620.6,-102224.0,-1.3479
0.65,8.0,632.7,104364.2,-103731.5,-1.3598
0.65,9.0,3846.6,106292.8,-102446.2,-1.3341
0.65,10.0,6870.8,110979.7,-104108.8,-1.3477
0.65,11.0,9772.6,114108.3,-104335.7,-1.3418
0.65,12.0,12674.4,117236.9,-104562.6,-1.3359
0.65,13.0,15363.3,120180.7,-104817.4,-1.3295
0.65,14.0,18052.2,123124.4,-105072.3,-1.3232
0.65,15.0,20525.2,125869.5,-105344.3,-1.3176
0.65,16.0,22998.3,128614.6,-105616.3,-1.312
0.65,17.0,25270.5,131167.5,-105897.0,-1.3067
0.65,18.0,27542.7,133720.5,-106177.8,-1.3014
0.65,19.0,29624.2,136085.0,-106460.8,-1.2965
0.65,20.0,31705.7,138449.5,-106743.8,-1.2916
0.65,21.0,33607.7,140631.6,-107023.9,-1.287
0.65,22.0,35509.8,142813.7,-107303.9,-1.2824
0.65,23.0,37234.8,144815.4,-107580.6,-1.2782
0.65,24.0,38959.8,146817.2,-107857.3,-1.2741
0.65,25.0,40530.0,148654.0,-108124.0,-1.2702
0.65,26.0,42100.1,150490.9,-108390.7,-1.2664
0.65,27.0,43526.7,152172.6,-108645.9,-1.2628
0.65,28.0,44953.3,153854.3,-108901.0,-1.2592
0.65,29.0,46248.2,155391.2,-109143.0,-1.2558
0.65,30.0,47543.1,156928.1,-109385.0,-1.2525
0.675,0.0,-29381.0,76922.3,-106303.3,-1.4489
0.675,1.0,-25460.4,80015.7,-105476.2,-1.432
0.675,2.0,-21713.4,84613.4,-106326.7,-1.4394
0.675,3.0,-17948.0,87541.6,-105489.5,-1.4215
0.675,4.0,-14358.6,92177.1,-106535.8,-1.4301
0.675,5.0,-10778.3,94899.3,-105677.6,-1.4114
0.675,6.0,-7370.3,99529.9,-106900.3,-1.4208
0.675,7.0,-3996.0,102013.5,-106009.5,-1.4007
0.675,8.0,-790.8,106597.4,-107388.1,-1.4117
0.675,9.0,2370.4,108825.8,-106455.3,-1.3902
0.675,10.0,5371.0,113337.2,-107966.1,-1.402
0.675,11.0,8272.8,116465.8,-108193.0,-1.3961
0.675,12.0,11102.5,119709.8,-108607.2,-1.393
0.675,13.0,13791.4,122653.5,-108862.1,-1.3866
0.675,14.0,16410.5,125701.9,-109291.4,-1.3836
0.675,15.0,18830.7,128557.1,-109726.3,-1.3799
0.675,16.0,21303.8,131302.1,-109998.4,-1.3743
0.675,17.0,23576.0,133855.1,-110279.1,-1.3691
0.675,18.0,25796.4,136506.4,-110710.0,-1.366
0.675,19.0,27877.9,138870.9,-110993.0,-1.3611
0.675,20.0,29912.7,141327.5,-111414.8,-1.3582
0.675,21.0,31773.8,143596.1,-111822.3,-1.3555
0.675,22.0,33675.8,145778.2,-112102.4,-1.3509
0.675,23.0,35368.0,147862.7,-112494.7,-1.3484
0.675,24.0,37093.0,149864.4,-112771.4,-1.3443
0.675,25.0,38663.1,151701.3,-113038.1,-1.3404
0.675,26.0,40200.6,153612.3,-113411.8,-1.3382
0.675,27.0,41627.2,155294.0,-113666.9,-1.3346
0.675,28.0,43024.8,157044.0,-114019.3,-1.3324
0.675,29.0,44293.7,158643.8,-114350.1,-1.3304
0.675,30.0,45588.6,160180.6,-114592.1,-1.327
0.7,0.0,-30396.1,78659.2,-109055.3,-1.4862
0.7,1.0,-26550.2,81972.0,-108522.2,-1.4737
0.7,2.0,-22841.7,86476.1,-109317.8,-1.4804
0.7,3.0,-19147.3,89644.7,-108792.0,-1.4671
0.7,4.0,-15592.0,94166.7,-109758.7,-1.4747
0.7,5.0,-12078.4,97148.7,-109227.1,-1.4605
0.7,6.0,-8700.3,101644.7,-110345.0,-1.4688
0.7,7.0,-5388.6,104406.3,-109794.9,-1.4535
0.7,8.0,-2214.2,108830.6,-111044.8,-1.4635
0.7,9.0,894.2,111358.7,-110464.5,-1.4463
0.7,10.0,3871.2,115694.7,-111823.5,-1.4563
0.7,11.0,6701.0,118938.6,-112237.7,-1.4532
0.7,12.0,9530.7,122182.6,-112651.9,-1.4501
0.7,13.0,12149.8,125231.0,-113081.2,-1.4471
0.7,14.0,14768.9,128279.4,-113510.4,-1.4441
0.7,15.0,17189.1,131134.5,-113945.4,-1.4404
0.7,16.0,19609.3,133989.7,-114380.4,-1.4367
0.7,17.0,21829.6,136641.0,-114811.3,-1.4337
0.7,18.0,24050.0,139292.3,-115242.3,-1.4306
0.7,19.0,26084.8,141748.9,-115664.1,-1.4278
0.7,20.0,28119.6,144205.5,-116085.9,-1.4249
0.7,21.0,29980.8,146474.1,-116493.4,-1.4222
0.7,22.0,31841.9,148742.8,-116900.9,-1.4195
0.7,23.0,33534.0,150827.2,-117293.2,-1.417
0.7,24.0,35226.1,152911.7,-117685.5,-1.4145
0.7,25.0,36763.6,154822.7,-118059.2,-1.4122
0.7,26.0,38301.0,156733.8,-118432.8,-1.41
0.7,27.0,39698.6,158483.8,-118785.2,-1.4078
0.7,28.0,41096.2,160233.8,-119137.6,-1.4056
0.7,29.0,42365.1,161833.5,-119468.4,-1.4036
0.7,30.0,43634.0,163433.2,-119799.2,-1.4016
0.725,0.0,-31395.6,80264.5,-111660.0,-1.5212
0.725,1.0,-27640.1,83928.3,-111568.3,-1.5153
0.725,2.0,-23953.2,88187.7,-112140.9,-1.519
0.725,3.0,-20346.7,91747.9,-112094.5,-1.5126
0.725,4.0,-16809.7,95984.7,-112794.4,-1.5167
0.725,5.0,-13378.4,99398.1,-112776.5,-1.5097
0.725,6.0,-10014.9,103568.5,-113583.5,-1.514
0.725,7.0,-6781.1,106799.2,-113580.4,-1.5063
0.725,8.0,-3616.0,110861.3,-114477.2,-1.5113
0.725,9.0,-582.0,113891.6,-114473.6,-1.5024
0.725,10.0,2386.2,117825.9,-115439.7,-1.5072
0.725,11.0,5141.1,121167.3,-116026.1,-1.5069
0.725,12.0,7970.9,124411.2,-116440.3,-1.5038
0.725,13.0,10524.3,127554.2,-117029.9,-1.5033
0.725,14.0,13143.4,130602.6,-117459.2,-1.5003
0.725,15.0,15563.6,133457.7,-117894.2,-1.4966
0.725,16.0,17923.8,136402.2,-118478.4,-1.4953
0.725,17.0,20091.9,139139.7,-119047.8,-1.4944
0.725,18.0,22312.3,141791.0,-119478.7,-1.4914
0.725,19.0,24299.8,144327.8,-120027.9,-1.4905
0.725,20.0,26334.7,146784.4,-120449.7,-1.4876
0.725,21.0,28153.0,149127.9,-120974.9,-1.4867
0.725,22.0,30014.2,151396.5,-121382.4,-1.484
0.725,23.0,31706.3,153481.0,-121774.7,-1.4815
0.725,24.0,33365.3,155638.4,-122273.1,-1.4806
0.725,25.0,34869.2,157614.4,-122745.2,-1.4798
0.725,26.0,36406.6,159525.4,-123118.8,-1.4775
0.725,27.0,37774.8,161336.2,-123561.3,-1.4767
0.725,28.0,39172.4,163086.2,-123913.8,-1.4746
0.725,29.0,40415.0,164741.6,-124326.6,-1.4738
0.725,30.0,41683.9,166341.3,-124657.4,-1.4717
0.75,0.0,-32395.1,81869.7,-114264.8,-1.5563
0.75,1.0,-28729.9,85884.5,-114614.4,-1.5569
0.75,2.0,-25064.7,89899.4,-114964.0,-1.5576
0.75,3.0,-21546.0,93851.0,-115397.0,-1.5581
0.75,4.0,-18027.4,97802.7,-115830.0,-1.5586
0.75,5.0,-14678.5,101647.5,-116326.0,-1.5589
0.75,6.0,-11329.6,105492.3,-116821.9,-1.5592
0.75,7.0,-8173.7,109192.1,-117365.8,-1.5591
0.75,8.0,-5017.7,112891.9,-117909.7,-1.559
0.75,9.0,-2058.2,116424.6,-118482.8,-1.5585
0.75,10.0,901.3,119957.2,-119055.9,-1.5581
0.75,11.0,3656.2,123298.5,-119642.4,-1.5578
0.75,12.0,6411.1,126639.9,-120228.8,-1.5575
0.75,13.0,8964.5,129782.8,-120818.4,-1.557
0.75,14.0,11517.9,132925.8,-121407.9,-1.5564
0.75,15.0,13878.1,135870.3,-121992.2,-1.5552
0.75,16.0,16238.4,138814.8,-122576.4,-1.554
0.75,17.0,18406.5,141552.3,-123145.8,-1.5531
0.75,18.0,20574.6,144289.7,-123715.1,-1.5522
0.75,19.0,22562.1,146826.5,-124264.4,-1.5512
0.75,20.0,24549.7,149363.3,-124813.6,-1.5503
0.75,21.0,26368.1,151706.8,-125338.7,-1.5494
0.75,22.0,28186.5,154050.3,-125863.8,-1.5485
0.75,23.0,29845.4,156207.7,-126362.3,-1.5476
0.75,24.0,31504.4,158365.1,-126860.7,-1.5466
0.75,25.0,33008.3,160341.1,-127332.8,-1.5459
0.75,26.0,34512.2,162317.1,-127804.9,-1.5451
0.75,27.0,35880.5,164127.8,-128247.4,-1.5443
0.75,28.0,37248.7,165938.6,-128689.9,-1.5435
0.75,29.0,38491.2,167594.0,-129102.8,-1.5427
0.75,30.0,39733.7,169249.4,-129515.7,-1.5419
